HLS_ID,DIST_ID,MGRStile,sensingTime,availableTime,downloadTime,processedTime,softwareVersion,percentData,percentAnomaly,Errors,
HLS.S30.T20LRH.2022002T141729.v2.0,DIST-ALERT_2022002T141729_S30_T20LRH_v0.1,20LRH,,,2022-04-07T00:06:23Z,,,,,NA,
HLS.S30.T20LRH.2022004T141051.v2.0,DIST-ALERT_2022004T141051_S30_T20LRH_v0.1,20LRH,,,2022-01-06T09:36:50Z,,,,,NA,
HLS.S30.T20LRH.2022007T141741.v2.0,DIST-ALERT_2022007T141741_S30_T20LRH_v0.1,20LRH,,,2022-04-07T12:47:32Z,,,,,NA,
HLS.S30.T20LRJ.2022002T141729.v2.0,DIST-ALERT_2022002T141729_S30_T20LRJ_v0.1,20LRJ,,,2022-04-07T00:09:24Z,,,,,NA,
HLS.S30.T20LRJ.2022004T141051.v2.0,DIST-ALERT_2022004T141051_S30_T20LRJ_v0.1,20LRJ,,,2022-04-07T04:41:11Z,,,,,NA,
HLS.S30.T20LRJ.2022007T141741.v2.0,DIST-ALERT_2022007T141741_S30_T20LRJ_v0.1,20LRJ,,,2022-04-07T12:43:29Z,,,,,NA,
HLS.S30.T20LRJ.2022009T141039.v2.0,DIST-ALERT_2022009T141039_S30_T20LRJ_v0.1,20LRJ,,,2022-04-07T17:49:04Z,,,,,NA,
HLS.S30.T20LRK.2022002T141729.v2.0,DIST-ALERT_2022002T141729_S30_T20LRK_v0.1,20LRK,,,2022-04-07T00:13:06Z,,,,,NA,
HLS.S30.T20LRK.2022004T141051.v2.0,DIST-ALERT_2022004T141051_S30_T20LRK_v0.1,20LRK,,,2022-04-07T04:49:23Z,,,,,NA,
HLS.S30.T20LRK.2022007T141741.v2.0,DIST-ALERT_2022007T141741_S30_T20LRK_v0.1,20LRK,,,2022-04-07T12:07:19Z,,,,,NA,
HLS.S30.T20LRL.2022002T141729.v2.0,DIST-ALERT_2022002T141729_S30_T20LRL_v0.1,20LRL,,,2022-04-07T00:05:05Z,,,,,NA,
HLS.S30.T20LRL.2022004T141051.v2.0,DIST-ALERT_2022004T141051_S30_T20LRL_v0.1,20LRL,,,2022-04-07T04:51:09Z,,,,,NA,
HLS.S30.T20LRL.2022007T141741.v2.0,DIST-ALERT_2022007T141741_S30_T20LRL_v0.1,20LRL,,,2022-04-07T12:47:06Z,,,,,NA,
HLS.S30.T20LRM.2022002T141729.v2.0,DIST-ALERT_2022002T141729_S30_T20LRM_v0.1,20LRM,,,2022-01-04T07:47:55Z,,,,,NA,
HLS.S30.T20LRM.2022004T141051.v2.0,DIST-ALERT_2022004T141051_S30_T20LRM_v0.1,20LRM,,,2022-04-07T04:50:44Z,,,,,NA,
HLS.S30.T20LRM.2022007T141741.v2.0,DIST-ALERT_2022007T141741_S30_T20LRM_v0.1,20LRM,,,2022-04-07T12:38:28Z,,,,,NA,
HLS.S30.T20LRN.2022002T141729.v2.0,DIST-ALERT_2022002T141729_S30_T20LRN_v0.1,20LRN,,,2022-04-07T00:04:05Z,,,,,NA,
HLS.S30.T20LRN.2022004T141051.v2.0,DIST-ALERT_2022004T141051_S30_T20LRN_v0.1,20LRN,,,2022-04-07T04:53:06Z,,,,,NA,
HLS.S30.T20LRN.2022007T141741.v2.0,DIST-ALERT_2022007T141741_S30_T20LRN_v0.1,20LRN,,,2022-04-07T12:40:28Z,,,,,NA,
HLS.S30.T20LRP.2022004T141051.v2.0,DIST-ALERT_2022004T141051_S30_T20LRP_v0.1,20LRP,,,2022-01-06T07:03:38Z,,,,,NA,
HLS.S30.T20LRP.2022007T141741.v2.0,DIST-ALERT_2022007T141741_S30_T20LRP_v0.1,20LRP,,,2022-04-07T12:45:43Z,,,,,NA,
HLS.S30.T20LRQ.2022007T141741.v2.0,DIST-ALERT_2022007T141741_S30_T20LRQ_v0.1,20LRQ,,,2022-04-07T12:44:03Z,,,,,NA,
HLS.S30.T22LBH.2022003T135109.v2.0,DIST-ALERT_2022003T135109_S30_T22LBH_v0.1,22LBH,,,2022-04-07T02:40:08Z,,,,,NA,
HLS.S30.T22LBH.2022005T134211.v2.0,DIST-ALERT_2022005T134211_S30_T22LBH_v0.1,22LBH,,,2022-04-07T07:18:27Z,,,,,NA,
HLS.S30.T22LBH.2022008T135111.v2.0,DIST-ALERT_2022008T135111_S30_T22LBH_v0.1,22LBH,,,2022-04-07T15:27:32Z,,,,,NA,
HLS.L30.T22LBH.2022007T133941.v2.0,DIST-ALERT_2022007T133941_L30_T22LBH_v0.1,22LBH,,,2022-01-09T07:23:06Z,,,,,NA,
HLS.S30.T22LBJ.2022003T135109.v2.0,DIST-ALERT_2022003T135109_S30_T22LBJ_v0.1,22LBJ,,,2022-01-05T10:51:45Z,,,,,NA,
HLS.S30.T22LBJ.2022005T134211.v2.0,DIST-ALERT_2022005T134211_S30_T22LBJ_v0.1,22LBJ,,,2022-04-07T07:14:07Z,,,,,NA,
HLS.S30.T22LBJ.2022008T135111.v2.0,DIST-ALERT_2022008T135111_S30_T22LBJ_v0.1,22LBJ,,,2022-04-07T15:24:31Z,,,,,NA,
HLS.L30.T22LBJ.2022007T133917.v2.0,DIST-ALERT_2022007T133917_L30_T22LBJ_v0.1,22LBJ,,,2022-01-09T07:34:39Z,,,,,NA,
HLS.S30.T22LBK.2022003T135109.v2.0,DIST-ALERT_2022003T135109_S30_T22LBK_v0.1,22LBK,,,2022-04-07T02:49:01Z,,,,,NA,
HLS.L30.T22LBK.2022007T133917.v2.0,DIST-ALERT_2022007T133917_L30_T22LBK_v0.1,22LBK,,,2022-01-11T00:16:45Z,,,,,NA,
HLS.S30.T22LBL.2022003T135109.v2.0,DIST-ALERT_2022003T135109_S30_T22LBL_v0.1,22LBL,,,2022-04-07T02:47:48Z,,,,,NA,
HLS.S30.T22LBM.2022003T135109.v2.0,DIST-ALERT_2022003T135109_S30_T22LBM_v0.1,22LBM,,,2022-04-07T02:52:51Z,,,,,NA,
HLS.S30.T22LBN.2022003T135109.v2.0,DIST-ALERT_2022003T135109_S30_T22LBN_v0.1,22LBN,,,2022-04-07T02:50:52Z,,,,,NA,
HLS.S30.T22LBP.2022003T135109.v2.0,DIST-ALERT_2022003T135109_S30_T22LBP_v0.1,22LBP,,,2022-04-07T02:41:17Z,,,,,NA,
HLS.S30.T22LBQ.2022003T135109.v2.0,DIST-ALERT_2022003T135109_S30_T22LBQ_v0.1,22LBQ,,,2022-04-07T02:51:37Z,,,,,NA,
HLS.S30.T22LCH.2022003T135109.v2.0,DIST-ALERT_2022003T135109_S30_T22LCH_v0.1,22LCH,,,2022-04-07T02:49:36Z,,,,,NA,
HLS.S30.T22LCH.2022005T134211.v2.0,DIST-ALERT_2022005T134211_S30_T22LCH_v0.1,22LCH,,,2022-04-07T07:19:19Z,,,,,NA,
HLS.S30.T22LCH.2022008T135111.v2.0,DIST-ALERT_2022008T135111_S30_T22LCH_v0.1,22LCH,,,2022-04-07T15:30:31Z,,,,,NA,
HLS.S30.T22LCJ.2022003T135109.v2.0,DIST-ALERT_2022003T135109_S30_T22LCJ_v0.1,22LCJ,,,2022-04-07T02:50:20Z,,,,,NA,
HLS.S30.T22LCJ.2022005T134211.v2.0,DIST-ALERT_2022005T134211_S30_T22LCJ_v0.1,22LCJ,,,2022-04-07T07:06:13Z,,,,,NA,
HLS.S30.T22LCJ.2022008T135111.v2.0,DIST-ALERT_2022008T135111_S30_T22LCJ_v0.1,22LCJ,,,2022-04-07T15:27:39Z,,,,,NA,
HLS.S30.T22LCK.2022003T135109.v2.0,DIST-ALERT_2022003T135109_S30_T22LCK_v0.1,22LCK,,,2022-04-07T02:52:12Z,,,,,NA,
HLS.L30.T22LCK.2022007T133917.v2.0,DIST-ALERT_2022007T133917_L30_T22LCK_v0.1,22LCK,,,2022-01-11T00:13:44Z,,,,,NA,
HLS.S30.T22LCL.2022003T135109.v2.0,DIST-ALERT_2022003T135109_S30_T22LCL_v0.1,22LCL,,,2022-04-07T02:47:38Z,,,,,NA,
HLS.S30.T22LCL.2022005T134211.v2.0,DIST-ALERT_2022005T134211_S30_T22LCL_v0.1,22LCL,,,2022-04-07T07:17:04Z,,,,,NA,
HLS.S30.T22LCM.2022003T135109.v2.0,DIST-ALERT_2022003T135109_S30_T22LCM_v0.1,22LCM,,,2022-04-07T02:40:50Z,,,,,NA,
HLS.S30.T22LCM.2022005T134211.v2.0,DIST-ALERT_2022005T134211_S30_T22LCM_v0.1,22LCM,,,2022-04-07T07:16:09Z,,,,,NA,
HLS.S30.T22LCN.2022003T135109.v2.0,DIST-ALERT_2022003T135109_S30_T22LCN_v0.1,22LCN,,,2022-04-07T02:52:55Z,,,,,NA,
HLS.S30.T22LCN.2022005T134211.v2.0,DIST-ALERT_2022005T134211_S30_T22LCN_v0.1,22LCN,,,2022-04-07T07:16:26Z,,,,,NA,
HLS.S30.T22LCN.2022010T134209.v2.0,DIST-ALERT_2022010T134209_S30_T22LCN_v0.1,22LCN,,,2022-01-12T08:03:38Z,,,,,NA,
HLS.S30.T22LCP.2022003T135109.v2.0,DIST-ALERT_2022003T135109_S30_T22LCP_v0.1,22LCP,,,2022-04-07T02:40:26Z,,,,,NA,
HLS.S30.T22LCQ.2022003T135109.v2.0,DIST-ALERT_2022003T135109_S30_T22LCQ_v0.1,22LCQ,,,2022-04-07T02:47:18Z,,,,,NA,
HLS.S30.T22LDH.2022005T134211.v2.0,DIST-ALERT_2022005T134211_S30_T22LDH_v0.1,22LDH,,,2022-04-07T07:12:18Z,,,,,NA,
HLS.S30.T22LDJ.2022005T134211.v2.0,DIST-ALERT_2022005T134211_S30_T22LDJ_v0.1,22LDJ,,,2022-04-07T07:13:21Z,,,,,NA,
HLS.S30.T22LDK.2022005T134211.v2.0,DIST-ALERT_2022005T134211_S30_T22LDK_v0.1,22LDK,,,2022-04-07T07:12:04Z,,,,,NA,
HLS.S30.T22LDL.2022005T134211.v2.0,DIST-ALERT_2022005T134211_S30_T22LDL_v0.1,22LDL,,,2022-04-07T07:08:11Z,,,,,NA,
HLS.S30.T22LDM.2022003T135109.v2.0,DIST-ALERT_2022003T135109_S30_T22LDM_v0.1,22LDM,,,2022-04-07T02:50:13Z,,,,,NA,
HLS.S30.T22LDM.2022010T134209.v2.0,DIST-ALERT_2022010T134209_S30_T22LDM_v0.1,22LDM,,,2022-04-07T20:24:43Z,,,,,NA,
HLS.S30.T22LDN.2022003T135109.v2.0,DIST-ALERT_2022003T135109_S30_T22LDN_v0.1,22LDN,,,2022-04-07T02:47:57Z,,,,,NA,
HLS.S30.T22LDN.2022005T134211.v2.0,DIST-ALERT_2022005T134211_S30_T22LDN_v0.1,22LDN,,,2022-04-07T07:15:00Z,,,,,NA,
HLS.S30.T22LDN.2022010T134209.v2.0,DIST-ALERT_2022010T134209_S30_T22LDN_v0.1,22LDN,,,2022-04-07T20:41:34Z,,,,,NA,
HLS.S30.T22LDP.2022003T135109.v2.0,DIST-ALERT_2022003T135109_S30_T22LDP_v0.1,22LDP,,,2022-04-07T02:34:23Z,,,,,NA,
HLS.S30.T22LDP.2022005T134211.v2.0,DIST-ALERT_2022005T134211_S30_T22LDP_v0.1,22LDP,,,2022-04-07T07:15:42Z,,,,,NA,
HLS.S30.T22LDQ.2022003T135109.v2.0,DIST-ALERT_2022003T135109_S30_T22LDQ_v0.1,22LDQ,,,2022-04-07T02:50:46Z,,,,,NA,
HLS.S30.T22LDQ.2022005T134211.v2.0,DIST-ALERT_2022005T134211_S30_T22LDQ_v0.1,22LDQ,,,2022-04-07T07:15:38Z,,,,,NA,
HLS.S30.T22LDQ.2022010T134209.v2.0,DIST-ALERT_2022010T134209_S30_T22LDQ_v0.1,22LDQ,,,2022-01-12T11:09:46Z,,,,,NA,
HLS.S30.T22LEH.2022002T133231.v2.0,DIST-ALERT_2022002T133231_S30_T22LEH_v0.1,22LEH,,,2022-04-07T00:01:16Z,,,,,NA,
HLS.S30.T22LEH.2022005T134211.v2.0,DIST-ALERT_2022005T134211_S30_T22LEH_v0.1,22LEH,,,2022-04-07T07:11:31Z,,,,,NA,
HLS.L30.T22LEH.2022002T132109.v2.0,DIST-ALERT_2022002T132109_L30_T22LEH_v0.1,22LEH,,,2022-01-04T08:00:40Z,,,,,NA,
HLS.S30.T22LEJ.2022002T133231.v2.0,DIST-ALERT_2022002T133231_S30_T22LEJ_v0.1,22LEJ,,,2022-04-07T00:13:31Z,,,,,NA,
HLS.S30.T22LEJ.2022005T134211.v2.0,DIST-ALERT_2022005T134211_S30_T22LEJ_v0.1,22LEJ,,,2022-04-07T07:20:48Z,,,,,NA,
HLS.L30.T22LEJ.2022002T132045.v2.0,DIST-ALERT_2022002T132045_L30_T22LEJ_v0.1,22LEJ,,,2022-01-04T17:40:43Z,,,,,NA,
HLS.S30.T22LEK.2022002T133231.v2.0,DIST-ALERT_2022002T133231_S30_T22LEK_v0.1,22LEK,,,2022-04-07T00:11:45Z,,,,,NA,
HLS.S30.T22LEK.2022005T134211.v2.0,DIST-ALERT_2022005T134211_S30_T22LEK_v0.1,22LEK,,,2022-04-07T07:15:08Z,,,,,NA,
HLS.L30.T22LEK.2022002T132045.v2.0,DIST-ALERT_2022002T132045_L30_T22LEK_v0.1,22LEK,,,2022-01-04T07:46:46Z,,,,,NA,
HLS.S30.T22LEL.2022005T134211.v2.0,DIST-ALERT_2022005T134211_S30_T22LEL_v0.1,22LEL,,,2022-04-07T07:04:26Z,,,,,NA,
HLS.S30.T22LEN.2022005T134211.v2.0,DIST-ALERT_2022005T134211_S30_T22LEN_v0.1,22LEN,,,2022-04-07T07:17:53Z,,,,,NA,
HLS.S30.T22LEP.2022005T134211.v2.0,DIST-ALERT_2022005T134211_S30_T22LEP_v0.1,22LEP,,,2022-04-07T07:00:34Z,,,,,NA,
HLS.S30.T22LEP.2022010T134209.v2.0,DIST-ALERT_2022010T134209_S30_T22LEP_v0.1,22LEP,,,2022-04-07T20:38:53Z,,,,,NA,
HLS.S30.T22LEQ.2022005T134211.v2.0,DIST-ALERT_2022005T134211_S30_T22LEQ_v0.1,22LEQ,,,2022-04-07T07:19:00Z,,,,,NA,
HLS.S30.T22LEQ.2022010T134209.v2.0,DIST-ALERT_2022010T134209_S30_T22LEQ_v0.1,22LEQ,,,2022-04-07T20:47:56Z,,,,,NA,
HLS.S30.T22LFH.2022002T133231.v2.0,DIST-ALERT_2022002T133231_S30_T22LFH_v0.1,22LFH,,,2022-04-07T00:05:53Z,,,,,NA,
HLS.L30.T22LFH.2022002T132109.v2.0,DIST-ALERT_2022002T132109_L30_T22LFH_v0.1,22LFH,,,2022-01-04T08:01:52Z,,,,,NA,
HLS.S30.T22LFJ.2022002T133231.v2.0,DIST-ALERT_2022002T133231_S30_T22LFJ_v0.1,22LFJ,,,2022-04-07T00:14:16Z,,,,,NA,
HLS.S30.T22LFJ.2022005T134211.v2.0,DIST-ALERT_2022005T134211_S30_T22LFJ_v0.1,22LFJ,,,2022-04-07T07:02:40Z,,,,,NA,
HLS.L30.T22LFJ.2022002T132045.v2.0,DIST-ALERT_2022002T132045_L30_T22LFJ_v0.1,22LFJ,,,2022-01-04T07:57:49Z,,,,,NA,
HLS.S30.T22LFK.2022005T134211.v2.0,DIST-ALERT_2022005T134211_S30_T22LFK_v0.1,22LFK,,,2022-04-07T07:20:39Z,,,,,NA,
HLS.L30.T22LFK.2022002T132045.v2.0,DIST-ALERT_2022002T132045_L30_T22LFK_v0.1,22LFK,,,2022-01-06T00:19:13Z,,,,,NA,
HLS.S30.T22LFL.2022005T134211.v2.0,DIST-ALERT_2022005T134211_S30_T22LFL_v0.1,22LFL,,,2022-04-07T07:18:03Z,,,,,NA,
HLS.L30.T22LFL.2022002T132045.v2.0,DIST-ALERT_2022002T132045_L30_T22LFL_v0.1,22LFL,,,2022-01-06T00:16:42Z,,,,,NA,
HLS.S30.T22LFM.2022005T134211.v2.0,DIST-ALERT_2022005T134211_S30_T22LFM_v0.1,22LFM,,,2022-04-07T07:20:39Z,,,,,NA,
HLS.S30.T22LFM.2022007T133219.v2.0,DIST-ALERT_2022007T133219_S30_T22LFM_v0.1,22LFM,,,2022-04-07T12:15:27Z,,,,,NA,
HLS.S30.T22LFN.2022005T134211.v2.0,DIST-ALERT_2022005T134211_S30_T22LFN_v0.1,22LFN,,,2022-04-07T06:58:00Z,,,,,NA,
HLS.S30.T22LFN.2022007T133219.v2.0,DIST-ALERT_2022007T133219_S30_T22LFN_v0.1,22LFN,,,2022-04-07T12:40:26Z,,,,,NA,
HLS.S30.T22LFP.2022005T134211.v2.0,DIST-ALERT_2022005T134211_S30_T22LFP_v0.1,22LFP,,,2022-04-07T07:17:44Z,,,,,NA,
HLS.S30.T22LFP.2022007T133219.v2.0,DIST-ALERT_2022007T133219_S30_T22LFP_v0.1,22LFP,,,2022-04-07T12:27:00Z,,,,,NA,
HLS.L30.T22LFP.2022002T131933.v2.0,DIST-ALERT_2022002T131933_L30_T22LFP_v0.1,22LFP,,,2022-01-06T00:12:43Z,,,,,NA,
HLS.S30.T22LFQ.2022005T134211.v2.0,DIST-ALERT_2022005T134211_S30_T22LFQ_v0.1,22LFQ,,,2022-04-07T07:19:41Z,,,,,NA,
HLS.S30.T22LFQ.2022010T134209.v2.0,DIST-ALERT_2022010T134209_S30_T22LFQ_v0.1,22LFQ,,,2022-04-07T20:46:09Z,,,,,NA,
HLS.S30.T21KTA.2022004T141051.v2.0,DIST-ALERT_2022004T141051_S30_T21KTA_v0.1,21KTA,,,2022-04-07T04:41:20Z,,,,,NA,
HLS.S30.T21KTA.2022009T141039.v2.0,DIST-ALERT_2022009T141039_S30_T21KTA_v0.1,21KTA,,,2022-04-07T17:53:41Z,,,,,NA,
HLS.L30.T21KTA.2022003T140448.v2.0,DIST-ALERT_2022003T140448_L30_T21KTA_v0.1,21KTA,,,2022-01-05T07:44:47Z,,,,,NA,
HLS.S30.T21KTB.2022004T141051.v2.0,DIST-ALERT_2022004T141051_S30_T21KTB_v0.1,21KTB,,,2022-04-07T04:52:16Z,,,,,NA,
HLS.S30.T21KTB.2022009T141039.v2.0,DIST-ALERT_2022009T141039_S30_T21KTB_v0.1,21KTB,,,2022-04-07T18:01:02Z,,,,,NA,
HLS.L30.T21KTB.2022003T140448.v2.0,DIST-ALERT_2022003T140448_L30_T21KTB_v0.1,21KTB,,,2022-01-07T00:33:43Z,,,,,NA,
HLS.S30.T21KTT.2022001T140051.v2.0,DIST-ALERT_2022001T140051_S30_T21KTT_v0.1,21KTT,,,2022-04-06T21:33:49Z,,,,,NA,
HLS.S30.T21KTT.2022004T141051.v2.0,DIST-ALERT_2022004T141051_S30_T21KTT_v0.1,21KTT,,,2022-04-07T04:31:24Z,,,,,NA,
HLS.S30.T21KTT.2022006T140049.v2.0,DIST-ALERT_2022006T140049_S30_T21KTT_v0.1,21KTT,,,2022-04-07T09:39:44Z,,,,,NA,
HLS.S30.T21KTT.2022009T141039.v2.0,DIST-ALERT_2022009T141039_S30_T21KTT_v0.1,21KTT,,,2022-04-07T18:00:59Z,,,,,NA,
HLS.L30.T21KTT.2022005T135314.v2.0,DIST-ALERT_2022005T135314_L30_T21KTT_v0.1,21KTT,,,2022-01-07T07:48:47Z,,,,,NA,
HLS.S30.T21KTU.2022001T140051.v2.0,DIST-ALERT_2022001T140051_S30_T21KTU_v0.1,21KTU,,,2022-04-06T21:20:54Z,,,,,NA,
HLS.S30.T21KTU.2022004T141051.v2.0,DIST-ALERT_2022004T141051_S30_T21KTU_v0.1,21KTU,,,2022-04-07T04:51:53Z,,,,,NA,
HLS.S30.T21KTU.2022006T140049.v2.0,DIST-ALERT_2022006T140049_S30_T21KTU_v0.1,21KTU,,,2022-04-07T09:56:53Z,,,,,NA,
HLS.S30.T21KTU.2022009T141039.v2.0,DIST-ALERT_2022009T141039_S30_T21KTU_v0.1,21KTU,,,2022-04-07T17:51:18Z,,,,,NA,
HLS.L30.T21KTU.2022005T135314.v2.0,DIST-ALERT_2022005T135314_L30_T21KTU_v0.1,21KTU,,,2022-01-09T00:20:35Z,,,,,NA,
HLS.S30.T21KTV.2022004T141051.v2.0,DIST-ALERT_2022004T141051_S30_T21KTV_v0.1,21KTV,,,2022-04-07T04:52:54Z,,,,,NA,
HLS.S30.T21KTV.2022009T141039.v2.0,DIST-ALERT_2022009T141039_S30_T21KTV_v0.1,21KTV,,,2022-04-07T17:55:20Z,,,,,NA,
HLS.S30.T21KUA.2022001T140051.v2.0,DIST-ALERT_2022001T140051_S30_T21KUA_v0.1,21KUA,,,2022-04-06T21:20:56Z,,,,,NA,
HLS.S30.T21KUA.2022004T141051.v2.0,DIST-ALERT_2022004T141051_S30_T21KUA_v0.1,21KUA,,,2022-04-07T04:50:46Z,,,,,NA,
HLS.S30.T21KUA.2022006T140049.v2.0,DIST-ALERT_2022006T140049_S30_T21KUA_v0.1,21KUA,,,2022-04-07T09:52:35Z,,,,,NA,
HLS.S30.T21KUA.2022009T141039.v2.0,DIST-ALERT_2022009T141039_S30_T21KUA_v0.1,21KUA,,,2022-04-07T17:55:57Z,,,,,NA,
HLS.S30.T21KUB.2022001T140051.v2.0,DIST-ALERT_2022001T140051_S30_T21KUB_v0.1,21KUB,,,2022-04-06T21:42:52Z,,,,,NA,
HLS.S30.T21KUB.2022004T141051.v2.0,DIST-ALERT_2022004T141051_S30_T21KUB_v0.1,21KUB,,,2022-04-07T04:37:08Z,,,,,NA,
HLS.S30.T21KUB.2022006T140049.v2.0,DIST-ALERT_2022006T140049_S30_T21KUB_v0.1,21KUB,,,2022-04-07T10:00:24Z,,,,,NA,
HLS.S30.T21KUB.2022009T141039.v2.0,DIST-ALERT_2022009T141039_S30_T21KUB_v0.1,21KUB,,,2022-04-07T17:54:06Z,,,,,NA,
HLS.L30.T21KUB.2022005T135203.v2.0,DIST-ALERT_2022005T135203_L30_T21KUB_v0.1,21KUB,,,2022-01-09T00:14:51Z,,,,,NA,
HLS.S30.T21KUT.2022001T140051.v2.0,DIST-ALERT_2022001T140051_S30_T21KUT_v0.1,21KUT,,,2022-04-06T21:23:44Z,,,,,NA,
HLS.S30.T21KUT.2022004T141051.v2.0,DIST-ALERT_2022004T141051_S30_T21KUT_v0.1,21KUT,,,2022-04-07T04:43:15Z,,,,,NA,
HLS.S30.T21KUT.2022006T140049.v2.0,DIST-ALERT_2022006T140049_S30_T21KUT_v0.1,21KUT,,,2022-04-07T10:01:18Z,,,,,NA,
HLS.S30.T21KUT.2022009T141039.v2.0,DIST-ALERT_2022009T141039_S30_T21KUT_v0.1,21KUT,,,2022-04-07T17:48:31Z,,,,,NA,
HLS.L30.T21KUT.2022005T135314.v2.0,DIST-ALERT_2022005T135314_L30_T21KUT_v0.1,21KUT,,,2022-01-07T07:56:41Z,,,,,NA,
HLS.S30.T21KUU.2022001T140051.v2.0,DIST-ALERT_2022001T140051_S30_T21KUU_v0.1,21KUU,,,2022-04-06T21:38:47Z,,,,,NA,
HLS.S30.T21KUU.2022004T141051.v2.0,DIST-ALERT_2022004T141051_S30_T21KUU_v0.1,21KUU,,,2022-04-07T04:48:29Z,,,,,NA,
HLS.S30.T21KUU.2022006T140049.v2.0,DIST-ALERT_2022006T140049_S30_T21KUU_v0.1,21KUU,,,2022-04-07T09:49:27Z,,,,,NA,
HLS.S30.T21KUU.2022009T141039.v2.0,DIST-ALERT_2022009T141039_S30_T21KUU_v0.1,21KUU,,,2022-04-07T17:45:03Z,,,,,NA,
HLS.L30.T21KUU.2022005T135314.v2.0,DIST-ALERT_2022005T135314_L30_T21KUU_v0.1,21KUU,,,2022-01-09T00:17:50Z,,,,,NA,
HLS.S30.T21KUV.2022001T140051.v2.0,DIST-ALERT_2022001T140051_S30_T21KUV_v0.1,21KUV,,,2022-04-06T21:34:49Z,,,,,NA,
HLS.S30.T21KUV.2022004T141051.v2.0,DIST-ALERT_2022004T141051_S30_T21KUV_v0.1,21KUV,,,2022-04-07T04:50:53Z,,,,,NA,
HLS.S30.T21KUV.2022006T140049.v2.0,DIST-ALERT_2022006T140049_S30_T21KUV_v0.1,21KUV,,,2022-04-07T09:55:28Z,,,,,NA,
HLS.S30.T21KUV.2022009T141039.v2.0,DIST-ALERT_2022009T141039_S30_T21KUV_v0.1,21KUV,,,2022-04-07T17:53:05Z,,,,,NA,
HLS.S30.T21KVA.2022001T140051.v2.0,DIST-ALERT_2022001T140051_S30_T21KVA_v0.1,21KVA,,,2022-04-06T21:43:21Z,,,,,NA,
HLS.S30.T21KVA.2022006T140049.v2.0,DIST-ALERT_2022006T140049_S30_T21KVA_v0.1,21KVA,,,2022-04-07T10:00:22Z,,,,,NA,
HLS.S30.T21KVB.2022001T140051.v2.0,DIST-ALERT_2022001T140051_S30_T21KVB_v0.1,21KVB,,,2022-04-06T21:34:17Z,,,,,NA,
HLS.S30.T21KVB.2022004T141051.v2.0,DIST-ALERT_2022004T141051_S30_T21KVB_v0.1,21KVB,,,2022-04-07T04:47:37Z,,,,,NA,
HLS.S30.T21KVB.2022006T140049.v2.0,DIST-ALERT_2022006T140049_S30_T21KVB_v0.1,21KVB,,,2022-04-07T09:48:31Z,,,,,NA,
HLS.S30.T21KVB.2022009T141039.v2.0,DIST-ALERT_2022009T141039_S30_T21KVB_v0.1,21KVB,,,2022-04-07T17:56:16Z,,,,,NA,
HLS.L30.T21KVB.2022005T135203.v2.0,DIST-ALERT_2022005T135203_L30_T21KVB_v0.1,21KVB,,,2022-01-09T00:21:47Z,,,,,NA,
HLS.S30.T21KVT.2022001T140051.v2.0,DIST-ALERT_2022001T140051_S30_T21KVT_v0.1,21KVT,,,2022-04-06T21:27:03Z,,,,,NA,
HLS.S30.T21KVT.2022006T140049.v2.0,DIST-ALERT_2022006T140049_S30_T21KVT_v0.1,21KVT,,,2022-04-07T09:55:40Z,,,,,NA,
HLS.L30.T21KVT.2022005T135314.v2.0,DIST-ALERT_2022005T135314_L30_T21KVT_v0.1,21KVT,,,2022-01-07T07:47:47Z,,,,,NA,
HLS.S30.T21KVU.2022001T140051.v2.0,DIST-ALERT_2022001T140051_S30_T21KVU_v0.1,21KVU,,,2022-04-06T21:23:47Z,,,,,NA,
HLS.S30.T21KVU.2022006T140049.v2.0,DIST-ALERT_2022006T140049_S30_T21KVU_v0.1,21KVU,,,2022-04-07T09:59:51Z,,,,,NA,
HLS.L30.T21KVU.2022005T135314.v2.0,DIST-ALERT_2022005T135314_L30_T21KVU_v0.1,21KVU,,,2022-01-09T00:17:29Z,,,,,NA,
HLS.S30.T21KVV.2022001T140051.v2.0,DIST-ALERT_2022001T140051_S30_T21KVV_v0.1,21KVV,,,2022-04-06T21:03:34Z,,,,,NA,
HLS.S30.T21KVV.2022006T140049.v2.0,DIST-ALERT_2022006T140049_S30_T21KVV_v0.1,21KVV,,,2022-04-07T09:53:51Z,,,,,NA,
HLS.S30.T21KWA.2022001T140051.v2.0,DIST-ALERT_2022001T140051_S30_T21KWA_v0.1,21KWA,,,2022-04-06T21:39:17Z,,,,,NA,
HLS.S30.T21KWA.2022003T135109.v2.0,DIST-ALERT_2022003T135109_S30_T21KWA_v0.1,21KWA,,,2022-04-07T02:46:37Z,,,,,NA,
HLS.S30.T21KWA.2022006T140049.v2.0,DIST-ALERT_2022006T140049_S30_T21KWA_v0.1,21KWA,,,2022-04-07T09:58:25Z,,,,,NA,
HLS.S30.T21KWA.2022008T135111.v2.0,DIST-ALERT_2022008T135111_S30_T21KWA_v0.1,21KWA,,,2022-04-07T15:28:28Z,,,,,NA,
HLS.S30.T21KWB.2022001T140051.v2.0,DIST-ALERT_2022001T140051_S30_T21KWB_v0.1,21KWB,,,2022-04-06T21:42:16Z,,,,,NA,
HLS.S30.T21KWB.2022006T140049.v2.0,DIST-ALERT_2022006T140049_S30_T21KWB_v0.1,21KWB,,,2022-04-07T09:58:37Z,,,,,NA,
HLS.L30.T21KWB.2022005T135203.v2.0,DIST-ALERT_2022005T135203_L30_T21KWB_v0.1,21KWB,,,2022-01-09T00:13:36Z,,,,,NA,
HLS.S30.T21KWT.2022001T140051.v2.0,DIST-ALERT_2022001T140051_S30_T21KWT_v0.1,21KWT,,,2022-04-06T21:44:47Z,,,,,NA,
HLS.S30.T21KWT.2022003T135109.v2.0,DIST-ALERT_2022003T135109_S30_T21KWT_v0.1,21KWT,,,2022-04-07T02:30:18Z,,,,,NA,
HLS.S30.T21KWT.2022006T140049.v2.0,DIST-ALERT_2022006T140049_S30_T21KWT_v0.1,21KWT,,,2022-04-07T09:58:12Z,,,,,NA,
HLS.S30.T21KWT.2022008T135111.v2.0,DIST-ALERT_2022008T135111_S30_T21KWT_v0.1,21KWT,,,2022-04-07T15:12:18Z,,,,,NA,
HLS.L30.T21KWT.2022007T134053.v2.0,DIST-ALERT_2022007T134053_L30_T21KWT_v0.1,21KWT,,,2022-01-09T07:23:38Z,,,,,NA,
HLS.S30.T21KWU.2022001T140051.v2.0,DIST-ALERT_2022001T140051_S30_T21KWU_v0.1,21KWU,,,2022-04-06T21:34:09Z,,,,,NA,
HLS.S30.T21KWU.2022003T135109.v2.0,DIST-ALERT_2022003T135109_S30_T21KWU_v0.1,21KWU,,,2022-04-07T02:45:29Z,,,,,NA,
HLS.S30.T21KWU.2022006T140049.v2.0,DIST-ALERT_2022006T140049_S30_T21KWU_v0.1,21KWU,,,2022-04-07T10:01:36Z,,,,,NA,
HLS.S30.T21KWU.2022008T135111.v2.0,DIST-ALERT_2022008T135111_S30_T21KWU_v0.1,21KWU,,,2022-04-07T15:27:08Z,,,,,NA,
HLS.S30.T21KWV.2022001T140051.v2.0,DIST-ALERT_2022001T140051_S30_T21KWV_v0.1,21KWV,,,2022-04-06T21:42:07Z,,,,,NA,
HLS.S30.T21KWV.2022003T135109.v2.0,DIST-ALERT_2022003T135109_S30_T21KWV_v0.1,21KWV,,,2022-04-07T02:45:59Z,,,,,NA,
HLS.S30.T21KWV.2022006T140049.v2.0,DIST-ALERT_2022006T140049_S30_T21KWV_v0.1,21KWV,,,2022-04-07T09:45:36Z,,,,,NA,
HLS.S30.T21KWV.2022008T135111.v2.0,DIST-ALERT_2022008T135111_S30_T21KWV_v0.1,21KWV,,,2022-04-07T15:28:27Z,,,,,NA,
HLS.S30.T21KXA.2022001T140051.v2.0,DIST-ALERT_2022001T140051_S30_T21KXA_v0.1,21KXA,,,2022-04-06T21:39:09Z,,,,,NA,
HLS.S30.T21KXA.2022003T135109.v2.0,DIST-ALERT_2022003T135109_S30_T21KXA_v0.1,21KXA,,,2022-04-07T02:44:21Z,,,,,NA,
HLS.S30.T21KXA.2022006T140049.v2.0,DIST-ALERT_2022006T140049_S30_T21KXA_v0.1,21KXA,,,2022-04-07T09:43:45Z,,,,,NA,
HLS.S30.T21KXA.2022008T135111.v2.0,DIST-ALERT_2022008T135111_S30_T21KXA_v0.1,21KXA,,,2022-04-07T15:24:06Z,,,,,NA,
HLS.L30.T21KXA.2022007T134005.v2.0,DIST-ALERT_2022007T134005_L30_T21KXA_v0.1,21KXA,,,2022-01-09T08:10:45Z,,,,,NA,
HLS.S30.T21KXB.2022001T140051.v2.0,DIST-ALERT_2022001T140051_S30_T21KXB_v0.1,21KXB,,,2022-04-06T21:28:03Z,,,,,NA,
HLS.S30.T21KXB.2022003T135109.v2.0,DIST-ALERT_2022003T135109_S30_T21KXB_v0.1,21KXB,,,2022-04-07T02:50:03Z,,,,,NA,
HLS.S30.T21KXB.2022006T140049.v2.0,DIST-ALERT_2022006T140049_S30_T21KXB_v0.1,21KXB,,,2022-04-07T09:56:51Z,,,,,NA,
HLS.S30.T21KXB.2022008T135111.v2.0,DIST-ALERT_2022008T135111_S30_T21KXB_v0.1,21KXB,,,2022-04-07T15:04:49Z,,,,,NA,
HLS.L30.T21KXB.2022007T133941.v2.0,DIST-ALERT_2022007T133941_L30_T21KXB_v0.1,21KXB,,,2022-01-09T07:24:55Z,,,,,NA,
HLS.S30.T21KXT.2022003T135109.v2.0,DIST-ALERT_2022003T135109_S30_T21KXT_v0.1,21KXT,,,2022-04-07T02:47:44Z,,,,,NA,
HLS.S30.T21KXT.2022008T135111.v2.0,DIST-ALERT_2022008T135111_S30_T21KXT_v0.1,21KXT,,,2022-04-07T15:27:45Z,,,,,NA,
HLS.L30.T21KXT.2022007T134053.v2.0,DIST-ALERT_2022007T134053_L30_T21KXT_v0.1,21KXT,,,2022-01-09T07:27:59Z,,,,,NA,
HLS.S30.T21KXU.2022001T140051.v2.0,DIST-ALERT_2022001T140051_S30_T21KXU_v0.1,21KXU,,,2022-04-06T21:41:51Z,,,,,NA,
HLS.S30.T21KXU.2022003T135109.v2.0,DIST-ALERT_2022003T135109_S30_T21KXU_v0.1,21KXU,,,2022-04-07T02:42:59Z,,,,,NA,
HLS.S30.T21KXU.2022006T140049.v2.0,DIST-ALERT_2022006T140049_S30_T21KXU_v0.1,21KXU,,,2022-04-07T09:55:12Z,,,,,NA,
HLS.S30.T21KXU.2022008T135111.v2.0,DIST-ALERT_2022008T135111_S30_T21KXU_v0.1,21KXU,,,2022-04-07T15:08:40Z,,,,,NA,
HLS.L30.T21KXU.2022007T134029.v2.0,DIST-ALERT_2022007T134029_L30_T21KXU_v0.1,21KXU,,,2022-01-09T08:14:43Z,,,,,NA,
HLS.S30.T21KXV.2022001T140051.v2.0,DIST-ALERT_2022001T140051_S30_T21KXV_v0.1,21KXV,,,2022-01-03T10:08:39Z,,,,,NA,
HLS.S30.T21KXV.2022003T135109.v2.0,DIST-ALERT_2022003T135109_S30_T21KXV_v0.1,21KXV,,,2022-04-07T02:50:30Z,,,,,NA,
HLS.S30.T21KXV.2022006T140049.v2.0,DIST-ALERT_2022006T140049_S30_T21KXV_v0.1,21KXV,,,2022-04-07T10:00:26Z,,,,,NA,
HLS.S30.T21KXV.2022008T135111.v2.0,DIST-ALERT_2022008T135111_S30_T21KXV_v0.1,21KXV,,,2022-04-07T15:29:37Z,,,,,NA,
HLS.L30.T21KXV.2022007T134029.v2.0,DIST-ALERT_2022007T134029_L30_T21KXV_v0.1,21KXV,,,2022-01-09T08:13:44Z,,,,,NA,
HLS.S30.T21KYA.2022003T135109.v2.0,DIST-ALERT_2022003T135109_S30_T21KYA_v0.1,21KYA,,,2022-04-07T02:48:35Z,,,,,NA,
HLS.S30.T21KYA.2022008T135111.v2.0,DIST-ALERT_2022008T135111_S30_T21KYA_v0.1,21KYA,,,2022-04-07T15:29:26Z,,,,,NA,
HLS.L30.T21KYA.2022007T134005.v2.0,DIST-ALERT_2022007T134005_L30_T21KYA_v0.1,21KYA,,,2022-01-09T08:19:52Z,,,,,NA,
HLS.S30.T21KYB.2022003T135109.v2.0,DIST-ALERT_2022003T135109_S30_T21KYB_v0.1,21KYB,,,2022-04-07T02:38:49Z,,,,,NA,
HLS.S30.T21KYB.2022008T135111.v2.0,DIST-ALERT_2022008T135111_S30_T21KYB_v0.1,21KYB,,,2022-04-07T15:27:49Z,,,,,NA,
HLS.L30.T21KYB.2022007T133941.v2.0,DIST-ALERT_2022007T133941_L30_T21KYB_v0.1,21KYB,,,2022-01-09T07:26:40Z,,,,,NA,
HLS.S30.T21KYT.2022003T135109.v2.0,DIST-ALERT_2022003T135109_S30_T21KYT_v0.1,21KYT,,,2022-04-07T02:41:11Z,,,,,NA,
HLS.S30.T21KYT.2022005T134211.v2.0,DIST-ALERT_2022005T134211_S30_T21KYT_v0.1,21KYT,,,2022-04-07T07:05:56Z,,,,,NA,
HLS.S30.T21KYT.2022008T135111.v2.0,DIST-ALERT_2022008T135111_S30_T21KYT_v0.1,21KYT,,,2022-04-07T15:30:03Z,,,,,NA,
HLS.S30.T21KYT.2022010T134209.v2.0,DIST-ALERT_2022010T134209_S30_T21KYT_v0.1,21KYT,,,2022-04-07T20:47:23Z,,,,,NA,
HLS.L30.T21KYT.2022007T134053.v2.0,DIST-ALERT_2022007T134053_L30_T21KYT_v0.1,21KYT,,,2022-01-09T07:26:42Z,,,,,NA,
HLS.S30.T21KYU.2022003T135109.v2.0,DIST-ALERT_2022003T135109_S30_T21KYU_v0.1,21KYU,,,2022-04-07T02:42:43Z,,,,,NA,
HLS.S30.T21KYU.2022008T135111.v2.0,DIST-ALERT_2022008T135111_S30_T21KYU_v0.1,21KYU,,,2022-04-07T15:17:52Z,,,,,NA,
HLS.L30.T21KYU.2022007T134029.v2.0,DIST-ALERT_2022007T134029_L30_T21KYU_v0.1,21KYU,,,2022-01-09T08:14:48Z,,,,,NA,
HLS.S30.T21KYV.2022003T135109.v2.0,DIST-ALERT_2022003T135109_S30_T21KYV_v0.1,21KYV,,,2022-04-07T02:42:41Z,,,,,NA,
HLS.S30.T21KYV.2022008T135111.v2.0,DIST-ALERT_2022008T135111_S30_T21KYV_v0.1,21KYV,,,2022-04-07T15:20:16Z,,,,,NA,
HLS.L30.T21KYV.2022007T134005.v2.0,DIST-ALERT_2022007T134005_L30_T21KYV_v0.1,21KYV,,,2022-01-09T08:17:01Z,,,,,NA,
HLS.S30.T21KZA.2022003T135109.v2.0,DIST-ALERT_2022003T135109_S30_T21KZA_v0.1,21KZA,,,2022-04-07T02:38:37Z,,,,,NA,
HLS.S30.T21KZA.2022005T134211.v2.0,DIST-ALERT_2022005T134211_S30_T21KZA_v0.1,21KZA,,,2022-04-07T07:18:55Z,,,,,NA,
HLS.S30.T21KZA.2022008T135111.v2.0,DIST-ALERT_2022008T135111_S30_T21KZA_v0.1,21KZA,,,2022-04-07T15:27:32Z,,,,,NA,
HLS.S30.T21KZA.2022010T134209.v2.0,DIST-ALERT_2022010T134209_S30_T21KZA_v0.1,21KZA,,,2022-04-07T20:38:39Z,,,,,NA,
HLS.L30.T21KZA.2022007T134005.v2.0,DIST-ALERT_2022007T134005_L30_T21KZA_v0.1,21KZA,,,2022-01-09T08:17:46Z,,,,,NA,
HLS.S30.T21KZB.2022003T135109.v2.0,DIST-ALERT_2022003T135109_S30_T21KZB_v0.1,21KZB,,,2022-04-07T02:48:20Z,,,,,NA,
HLS.S30.T21KZB.2022008T135111.v2.0,DIST-ALERT_2022008T135111_S30_T21KZB_v0.1,21KZB,,,2022-04-07T15:30:40Z,,,,,NA,
HLS.L30.T21KZB.2022007T133941.v2.0,DIST-ALERT_2022007T133941_L30_T21KZB_v0.1,21KZB,,,2022-01-09T07:24:45Z,,,,,NA,
HLS.S30.T21KZT.2022003T135109.v2.0,DIST-ALERT_2022003T135109_S30_T21KZT_v0.1,21KZT,,,2022-04-07T02:47:20Z,,,,,NA,
HLS.S30.T21KZT.2022005T134211.v2.0,DIST-ALERT_2022005T134211_S30_T21KZT_v0.1,21KZT,,,2022-04-07T07:11:03Z,,,,,NA,
HLS.S30.T21KZT.2022008T135111.v2.0,DIST-ALERT_2022008T135111_S30_T21KZT_v0.1,21KZT,,,2022-04-07T15:24:19Z,,,,,NA,
HLS.S30.T21KZT.2022010T134209.v2.0,DIST-ALERT_2022010T134209_S30_T21KZT_v0.1,21KZT,,,2022-04-07T20:28:47Z,,,,,NA,
HLS.S30.T21KZU.2022003T135109.v2.0,DIST-ALERT_2022003T135109_S30_T21KZU_v0.1,21KZU,,,2022-04-07T02:27:23Z,,,,,NA,
HLS.S30.T21KZU.2022005T134211.v2.0,DIST-ALERT_2022005T134211_S30_T21KZU_v0.1,21KZU,,,2022-04-07T07:10:23Z,,,,,NA,
HLS.S30.T21KZU.2022008T135111.v2.0,DIST-ALERT_2022008T135111_S30_T21KZU_v0.1,21KZU,,,2022-04-07T15:30:14Z,,,,,NA,
HLS.S30.T21KZU.2022010T134209.v2.0,DIST-ALERT_2022010T134209_S30_T21KZU_v0.1,21KZU,,,2022-01-12T10:44:43Z,,,,,NA,
HLS.L30.T21KZU.2022007T134029.v2.0,DIST-ALERT_2022007T134029_L30_T21KZU_v0.1,21KZU,,,2022-01-09T08:12:48Z,,,,,NA,
HLS.S30.T21KZV.2022003T135109.v2.0,DIST-ALERT_2022003T135109_S30_T21KZV_v0.1,21KZV,,,2022-04-07T02:52:51Z,,,,,NA,
HLS.S30.T21KZV.2022005T134211.v2.0,DIST-ALERT_2022005T134211_S30_T21KZV_v0.1,21KZV,,,2022-04-07T07:09:27Z,,,,,NA,
HLS.S30.T21KZV.2022008T135111.v2.0,DIST-ALERT_2022008T135111_S30_T21KZV_v0.1,21KZV,,,2022-04-07T15:28:12Z,,,,,NA,
HLS.S30.T21KZV.2022010T134209.v2.0,DIST-ALERT_2022010T134209_S30_T21KZV_v0.1,21KZV,,,2022-04-07T20:40:23Z,,,,,NA,
HLS.L30.T21KZV.2022007T134005.v2.0,DIST-ALERT_2022007T134005_L30_T21KZV_v0.1,21KZV,,,2022-01-09T08:09:45Z,,,,,NA,
HLS.S30.T21LTC.2022004T141051.v2.0,DIST-ALERT_2022004T141051_S30_T21LTC_v0.1,21LTC,,,2022-04-07T04:32:51Z,,,,,NA,
HLS.S30.T21LTC.2022009T141039.v2.0,DIST-ALERT_2022009T141039_S30_T21LTC_v0.1,21LTC,,,2022-04-07T17:57:36Z,,,,,NA,
HLS.S30.T21LTD.2022004T141051.v2.0,DIST-ALERT_2022004T141051_S30_T21LTD_v0.1,21LTD,,,2022-04-07T04:43:48Z,,,,,NA,
HLS.S30.T21LTD.2022009T141039.v2.0,DIST-ALERT_2022009T141039_S30_T21LTD_v0.1,21LTD,,,2022-04-07T18:00:28Z,,,,,NA,
HLS.S30.T21LTE.2022002T141729.v2.0,DIST-ALERT_2022002T141729_S30_T21LTE_v0.1,21LTE,,,2022-04-07T00:07:38Z,,,,,NA,
HLS.S30.T21LTE.2022004T141051.v2.0,DIST-ALERT_2022004T141051_S30_T21LTE_v0.1,21LTE,,,2022-04-07T04:46:40Z,,,,,NA,
HLS.S30.T21LTE.2022007T141741.v2.0,DIST-ALERT_2022007T141741_S30_T21LTE_v0.1,21LTE,,,2022-04-07T12:39:06Z,,,,,NA,
HLS.S30.T21LTE.2022009T141039.v2.0,DIST-ALERT_2022009T141039_S30_T21LTE_v0.1,21LTE,,,2022-04-07T17:58:59Z,,,,,NA,
HLS.S30.T21LTF.2022002T141729.v2.0,DIST-ALERT_2022002T141729_S30_T21LTF_v0.1,21LTF,,,2022-01-04T09:52:48Z,,,,,NA,
HLS.S30.T21LTF.2022004T141051.v2.0,DIST-ALERT_2022004T141051_S30_T21LTF_v0.1,21LTF,,,2022-04-07T04:46:57Z,,,,,NA,
HLS.S30.T21LTF.2022007T141741.v2.0,DIST-ALERT_2022007T141741_S30_T21LTF_v0.1,21LTF,,,2022-01-09T07:47:40Z,,,,,NA,
HLS.S30.T21LTF.2022009T141039.v2.0,DIST-ALERT_2022009T141039_S30_T21LTF_v0.1,21LTF,,,2022-04-07T17:59:57Z,,,,,NA,
HLS.S30.T21LTG.2022002T141729.v2.0,DIST-ALERT_2022002T141729_S30_T21LTG_v0.1,21LTG,,,2022-04-07T00:06:15Z,,,,,NA,
HLS.S30.T21LTG.2022004T141051.v2.0,DIST-ALERT_2022004T141051_S30_T21LTG_v0.1,21LTG,,,2022-04-07T04:48:56Z,,,,,NA,
HLS.S30.T21LTG.2022007T141741.v2.0,DIST-ALERT_2022007T141741_S30_T21LTG_v0.1,21LTG,,,2022-04-07T12:47:56Z,,,,,NA,
HLS.S30.T21LTG.2022009T141039.v2.0,DIST-ALERT_2022009T141039_S30_T21LTG_v0.1,21LTG,,,2022-04-07T17:50:20Z,,,,,NA,
HLS.S30.T21LTH.2022002T141729.v2.0,DIST-ALERT_2022002T141729_S30_T21LTH_v0.1,21LTH,,,2022-04-07T00:13:20Z,,,,,NA,
HLS.S30.T21LTH.2022004T141051.v2.0,DIST-ALERT_2022004T141051_S30_T21LTH_v0.1,21LTH,,,2022-04-07T04:43:16Z,,,,,NA,
HLS.S30.T21LTH.2022007T141741.v2.0,DIST-ALERT_2022007T141741_S30_T21LTH_v0.1,21LTH,,,2022-04-07T12:29:38Z,,,,,NA,
HLS.S30.T21LTJ.2022004T141051.v2.0,DIST-ALERT_2022004T141051_S30_T21LTJ_v0.1,21LTJ,,,2022-04-07T04:43:11Z,,,,,NA,
HLS.S30.T21LTJ.2022007T141741.v2.0,DIST-ALERT_2022007T141741_S30_T21LTJ_v0.1,21LTJ,,,2022-04-07T12:43:07Z,,,,,NA,
HLS.S30.T21LTK.2022004T141051.v2.0,DIST-ALERT_2022004T141051_S30_T21LTK_v0.1,21LTK,,,2022-04-07T04:51:09Z,,,,,NA,
HLS.S30.T21LTK.2022007T141741.v2.0,DIST-ALERT_2022007T141741_S30_T21LTK_v0.1,21LTK,,,2022-04-07T12:06:56Z,,,,,NA,
HLS.S30.T21LUC.2022001T140051.v2.0,DIST-ALERT_2022001T140051_S30_T21LUC_v0.1,21LUC,,,2022-04-06T21:42:45Z,,,,,NA,
HLS.S30.T21LUC.2022004T141051.v2.0,DIST-ALERT_2022004T141051_S30_T21LUC_v0.1,21LUC,,,2022-04-07T04:51:01Z,,,,,NA,
HLS.S30.T21LUC.2022006T140049.v2.0,DIST-ALERT_2022006T140049_S30_T21LUC_v0.1,21LUC,,,2022-04-07T09:47:21Z,,,,,NA,
HLS.S30.T21LUC.2022009T141039.v2.0,DIST-ALERT_2022009T141039_S30_T21LUC_v0.1,21LUC,,,2022-04-07T17:57:15Z,,,,,NA,
HLS.L30.T21LUC.2022005T135203.v2.0,DIST-ALERT_2022005T135203_L30_T21LUC_v0.1,21LUC,,,2022-01-07T07:31:38Z,,,,,NA,
HLS.S30.T21LUD.2022001T140051.v2.0,DIST-ALERT_2022001T140051_S30_T21LUD_v0.1,21LUD,,,2022-04-06T21:33:49Z,,,,,NA,
HLS.S30.T21LUD.2022004T141051.v2.0,DIST-ALERT_2022004T141051_S30_T21LUD_v0.1,21LUD,,,2022-04-07T04:46:18Z,,,,,NA,
HLS.S30.T21LUD.2022006T140049.v2.0,DIST-ALERT_2022006T140049_S30_T21LUD_v0.1,21LUD,,,2022-04-07T09:58:36Z,,,,,NA,
HLS.S30.T21LUD.2022009T141039.v2.0,DIST-ALERT_2022009T141039_S30_T21LUD_v0.1,21LUD,,,2022-04-07T17:55:51Z,,,,,NA,
HLS.L30.T21LUD.2022005T135139.v2.0,DIST-ALERT_2022005T135139_L30_T21LUD_v0.1,21LUD,,,2022-01-07T07:32:37Z,,,,,NA,
HLS.S30.T21LUE.2022004T141051.v2.0,DIST-ALERT_2022004T141051_S30_T21LUE_v0.1,21LUE,,,2022-04-07T04:51:15Z,,,,,NA,
HLS.S30.T21LUE.2022009T141039.v2.0,DIST-ALERT_2022009T141039_S30_T21LUE_v0.1,21LUE,,,2022-04-07T17:58:19Z,,,,,NA,
HLS.S30.T21LUF.2022004T141051.v2.0,DIST-ALERT_2022004T141051_S30_T21LUF_v0.1,21LUF,,,2022-04-07T04:43:03Z,,,,,NA,
HLS.S30.T21LUF.2022009T141039.v2.0,DIST-ALERT_2022009T141039_S30_T21LUF_v0.1,21LUF,,,2022-04-07T17:56:54Z,,,,,NA,
HLS.S30.T21LUG.2022004T141051.v2.0,DIST-ALERT_2022004T141051_S30_T21LUG_v0.1,21LUG,,,2022-04-07T04:45:30Z,,,,,NA,
HLS.S30.T21LUG.2022009T141039.v2.0,DIST-ALERT_2022009T141039_S30_T21LUG_v0.1,21LUG,,,2022-04-07T17:01:52Z,,,,,NA,
HLS.S30.T21LUH.2022004T141051.v2.0,DIST-ALERT_2022004T141051_S30_T21LUH_v0.1,21LUH,,,2022-04-07T04:48:02Z,,,,,NA,
HLS.S30.T21LUJ.2022004T141051.v2.0,DIST-ALERT_2022004T141051_S30_T21LUJ_v0.1,21LUJ,,,2022-04-07T04:49:04Z,,,,,NA,
HLS.S30.T20KRC.2022001T140051.v2.0,DIST-ALERT_2022001T140051_S30_T20KRC_v0.1,20KRC,,,2022-01-03T07:51:45Z,,,,,NA,
HLS.S30.T20KRC.2022004T141051.v2.0,DIST-ALERT_2022004T141051_S30_T20KRC_v0.1,20KRC,,,2022-04-07T04:46:17Z,,,,,NA,
HLS.S30.T20KRC.2022006T140049.v2.0,DIST-ALERT_2022006T140049_S30_T20KRC_v0.1,20KRC,,,2022-04-07T09:51:46Z,,,,,NA,
HLS.S30.T20KRC.2022009T141039.v2.0,DIST-ALERT_2022009T141039_S30_T20KRC_v0.1,20KRC,,,2022-04-07T17:58:06Z,,,,,NA,
HLS.L30.T20KRC.2022005T135314.v2.0,DIST-ALERT_2022005T135314_L30_T20KRC_v0.1,20KRC,,,2022-01-07T07:49:40Z,,,,,NA,
HLS.S30.T21LUK.2022004T141051.v2.0,DIST-ALERT_2022004T141051_S30_T21LUK_v0.1,21LUK,,,2022-04-07T04:50:35Z,,,,,NA,
HLS.S30.T20KRD.2022004T141051.v2.0,DIST-ALERT_2022004T141051_S30_T20KRD_v0.1,20KRD,,,2022-04-07T04:45:24Z,,,,,NA,
HLS.S30.T20KRD.2022009T141039.v2.0,DIST-ALERT_2022009T141039_S30_T20KRD_v0.1,20KRD,,,2022-04-07T17:58:05Z,,,,,NA,
HLS.L30.T20KRD.2022003T140512.v2.0,DIST-ALERT_2022003T140512_L30_T20KRD_v0.1,20KRD,,,2022-01-05T07:44:41Z,,,,,NA,
HLS.S30.T20KRE.2022004T141051.v2.0,DIST-ALERT_2022004T141051_S30_T20KRE_v0.1,20KRE,,,2022-04-07T04:50:11Z,,,,,NA,
HLS.S30.T20KRE.2022009T141039.v2.0,DIST-ALERT_2022009T141039_S30_T20KRE_v0.1,20KRE,,,2022-04-07T17:41:46Z,,,,,NA,
HLS.L30.T20KRE.2022003T140448.v2.0,DIST-ALERT_2022003T140448_L30_T20KRE_v0.1,20KRE,,,2022-01-05T07:46:39Z,,,,,NA,
HLS.S30.T21LVC.2022001T140051.v2.0,DIST-ALERT_2022001T140051_S30_T21LVC_v0.1,21LVC,,,2022-04-06T21:40:41Z,,,,,NA,
HLS.S30.T21LVC.2022004T141051.v2.0,DIST-ALERT_2022004T141051_S30_T21LVC_v0.1,21LVC,,,2022-04-07T04:45:15Z,,,,,NA,
HLS.S30.T21LVC.2022006T140049.v2.0,DIST-ALERT_2022006T140049_S30_T21LVC_v0.1,21LVC,,,2022-04-07T09:59:28Z,,,,,NA,
HLS.L30.T21LVC.2022005T135203.v2.0,DIST-ALERT_2022005T135203_L30_T21LVC_v0.1,21LVC,,,2022-01-07T07:35:51Z,,,,,NA,
HLS.S30.T20KRF.2022004T141051.v2.0,DIST-ALERT_2022004T141051_S30_T20KRF_v0.1,20KRF,,,2022-04-07T04:48:03Z,,,,,NA,
HLS.S30.T20KRF.2022009T141039.v2.0,DIST-ALERT_2022009T141039_S30_T20KRF_v0.1,20KRF,,,2022-04-07T17:55:27Z,,,,,NA,
HLS.L30.T20KRF.2022003T140448.v2.0,DIST-ALERT_2022003T140448_L30_T20KRF_v0.1,20KRF,,,2022-01-05T07:47:41Z,,,,,NA,
HLS.S30.T21LVD.2022001T140051.v2.0,DIST-ALERT_2022001T140051_S30_T21LVD_v0.1,21LVD,,,2022-01-03T10:42:42Z,,,,,NA,
HLS.S30.T21LVD.2022004T141051.v2.0,DIST-ALERT_2022004T141051_S30_T21LVD_v0.1,21LVD,,,2022-04-07T04:44:14Z,,,,,NA,
HLS.S30.T21LVD.2022006T140049.v2.0,DIST-ALERT_2022006T140049_S30_T21LVD_v0.1,21LVD,,,2022-04-07T09:55:25Z,,,,,NA,
HLS.S30.T21LVD.2022009T141039.v2.0,DIST-ALERT_2022009T141039_S30_T21LVD_v0.1,21LVD,,,2022-04-07T17:43:34Z,,,,,NA,
HLS.L30.T21LVD.2022005T135139.v2.0,DIST-ALERT_2022005T135139_L30_T21LVD_v0.1,21LVD,,,2022-01-07T07:33:47Z,,,,,NA,
HLS.S30.T20KRG.2022004T141051.v2.0,DIST-ALERT_2022004T141051_S30_T20KRG_v0.1,20KRG,,,2022-04-07T04:47:58Z,,,,,NA,
HLS.S30.T20KRG.2022009T141039.v2.0,DIST-ALERT_2022009T141039_S30_T20KRG_v0.1,20KRG,,,2022-04-07T17:51:24Z,,,,,NA,
HLS.L30.T20KRG.2022003T140448.v2.0,DIST-ALERT_2022003T140448_L30_T20KRG_v0.1,20KRG,,,2022-01-07T01:13:44Z,,,,,NA,
HLS.S30.T21LVE.2022001T140051.v2.0,DIST-ALERT_2022001T140051_S30_T21LVE_v0.1,21LVE,,,2022-04-06T21:36:36Z,,,,,NA,
HLS.S30.T21LVE.2022004T141051.v2.0,DIST-ALERT_2022004T141051_S30_T21LVE_v0.1,21LVE,,,2022-04-07T04:51:45Z,,,,,NA,
HLS.S30.T21LVE.2022006T140049.v2.0,DIST-ALERT_2022006T140049_S30_T21LVE_v0.1,21LVE,,,2022-04-07T10:00:21Z,,,,,NA,
HLS.S30.T21LVE.2022009T141039.v2.0,DIST-ALERT_2022009T141039_S30_T21LVE_v0.1,21LVE,,,2022-04-07T17:52:06Z,,,,,NA,
HLS.L30.T21LVE.2022005T135139.v2.0,DIST-ALERT_2022005T135139_L30_T21LVE_v0.1,21LVE,,,2022-01-09T00:13:47Z,,,,,NA,
HLS.S30.T21LVF.2022001T140051.v2.0,DIST-ALERT_2022001T140051_S30_T21LVF_v0.1,21LVF,,,2022-01-03T07:53:40Z,,,,,NA,
HLS.S30.T21LVF.2022004T141051.v2.0,DIST-ALERT_2022004T141051_S30_T21LVF_v0.1,21LVF,,,2022-04-07T04:34:03Z,,,,,NA,
HLS.S30.T21LVF.2022006T140049.v2.0,DIST-ALERT_2022006T140049_S30_T21LVF_v0.1,21LVF,,,2022-04-07T10:00:26Z,,,,,NA,
HLS.S30.T21LVF.2022009T141039.v2.0,DIST-ALERT_2022009T141039_S30_T21LVF_v0.1,21LVF,,,2022-04-07T17:59:11Z,,,,,NA,
HLS.L30.T21LVF.2022005T135139.v2.0,DIST-ALERT_2022005T135139_L30_T21LVF_v0.1,21LVF,,,2022-01-09T00:13:42Z,,,,,NA,
HLS.S30.T21LVG.2022001T140051.v2.0,DIST-ALERT_2022001T140051_S30_T21LVG_v0.1,21LVG,,,2022-04-06T21:26:57Z,,,,,NA,
HLS.S30.T21LVG.2022004T141051.v2.0,DIST-ALERT_2022004T141051_S30_T21LVG_v0.1,21LVG,,,2022-04-07T04:45:37Z,,,,,NA,
HLS.S30.T21LVG.2022006T140049.v2.0,DIST-ALERT_2022006T140049_S30_T21LVG_v0.1,21LVG,,,2022-04-07T10:01:40Z,,,,,NA,
HLS.S30.T21LVH.2022001T140051.v2.0,DIST-ALERT_2022001T140051_S30_T21LVH_v0.1,21LVH,,,2022-04-06T21:40:38Z,,,,,NA,
HLS.S30.T21LVH.2022004T141051.v2.0,DIST-ALERT_2022004T141051_S30_T21LVH_v0.1,21LVH,,,2022-04-07T04:50:43Z,,,,,NA,
HLS.S30.T21LVH.2022006T140049.v2.0,DIST-ALERT_2022006T140049_S30_T21LVH_v0.1,21LVH,,,2022-04-07T09:42:57Z,,,,,NA,
HLS.S30.T22KBC.2022003T135109.v2.0,DIST-ALERT_2022003T135109_S30_T22KBC_v0.1,22KBC,,,2022-04-07T02:47:51Z,,,,,NA,
HLS.S30.T22KBC.2022005T134211.v2.0,DIST-ALERT_2022005T134211_S30_T22KBC_v0.1,22KBC,,,2022-04-07T07:14:39Z,,,,,NA,
HLS.S30.T22KBC.2022008T135111.v2.0,DIST-ALERT_2022008T135111_S30_T22KBC_v0.1,22KBC,,,2022-04-07T15:09:22Z,,,,,NA,
HLS.S30.T22KBC.2022010T134209.v2.0,DIST-ALERT_2022010T134209_S30_T22KBC_v0.1,22KBC,,,2022-01-12T10:35:42Z,,,,,NA,
HLS.L30.T22KBC.2022009T132831.v2.0,DIST-ALERT_2022009T132831_L30_T22KBC_v0.1,22KBC,,,2022-01-11T13:45:00Z,,,,,NA,
HLS.S30.T21LVJ.2022004T141051.v2.0,DIST-ALERT_2022004T141051_S30_T21LVJ_v0.1,21LVJ,,,2022-04-07T04:51:42Z,,,,,NA,
HLS.L30.T21LVJ.2022005T135027.v2.0,DIST-ALERT_2022005T135027_L30_T21LVJ_v0.1,21LVJ,,,2022-01-09T00:13:40Z,,,,,NA,
HLS.S30.T22KBD.2022003T135109.v2.0,DIST-ALERT_2022003T135109_S30_T22KBD_v0.1,22KBD,,,2022-04-07T02:47:56Z,,,,,NA,
HLS.S30.T22KBD.2022005T134211.v2.0,DIST-ALERT_2022005T134211_S30_T22KBD_v0.1,22KBD,,,2022-04-07T07:16:23Z,,,,,NA,
HLS.S30.T22KBD.2022008T135111.v2.0,DIST-ALERT_2022008T135111_S30_T22KBD_v0.1,22KBD,,,2022-04-07T15:23:20Z,,,,,NA,
HLS.S30.T22KBD.2022010T134209.v2.0,DIST-ALERT_2022010T134209_S30_T22KBD_v0.1,22KBD,,,2022-04-07T20:47:24Z,,,,,NA,
HLS.L30.T22KBD.2022009T132831.v2.0,DIST-ALERT_2022009T132831_L30_T22KBD_v0.1,22KBD,,,2022-01-11T13:49:16Z,,,,,NA,
HLS.S30.T21LVK.2022004T141051.v2.0,DIST-ALERT_2022004T141051_S30_T21LVK_v0.1,21LVK,,,2022-04-07T04:52:06Z,,,,,NA,
HLS.S30.T22KBE.2022003T135109.v2.0,DIST-ALERT_2022003T135109_S30_T22KBE_v0.1,22KBE,,,2022-04-07T02:52:38Z,,,,,NA,
HLS.S30.T22KBE.2022005T134211.v2.0,DIST-ALERT_2022005T134211_S30_T22KBE_v0.1,22KBE,,,2022-04-07T07:08:38Z,,,,,NA,
HLS.S30.T22KBE.2022008T135111.v2.0,DIST-ALERT_2022008T135111_S30_T22KBE_v0.1,22KBE,,,2022-04-07T15:21:05Z,,,,,NA,
HLS.S30.T22KBE.2022010T134209.v2.0,DIST-ALERT_2022010T134209_S30_T22KBE_v0.1,22KBE,,,2022-04-07T20:38:00Z,,,,,NA,
HLS.L30.T22KBE.2022007T134005.v2.0,DIST-ALERT_2022007T134005_L30_T22KBE_v0.1,22KBE,,,2022-01-09T08:13:42Z,,,,,NA,
HLS.S30.T22KBF.2022003T135109.v2.0,DIST-ALERT_2022003T135109_S30_T22KBF_v0.1,22KBF,,,2022-04-07T02:16:54Z,,,,,NA,
HLS.S30.T22KBF.2022008T135111.v2.0,DIST-ALERT_2022008T135111_S30_T22KBF_v0.1,22KBF,,,2022-04-07T15:24:57Z,,,,,NA,
HLS.S30.T22KBF.2022010T134209.v2.0,DIST-ALERT_2022010T134209_S30_T22KBF_v0.1,22KBF,,,2022-04-07T20:37:53Z,,,,,NA,
HLS.L30.T22KBF.2022007T134005.v2.0,DIST-ALERT_2022007T134005_L30_T22KBF_v0.1,22KBF,,,2022-01-09T07:24:42Z,,,,,NA,
HLS.S30.T22KBG.2022003T135109.v2.0,DIST-ALERT_2022003T135109_S30_T22KBG_v0.1,22KBG,,,2022-04-07T02:50:03Z,,,,,NA,
HLS.S30.T22KBG.2022008T135111.v2.0,DIST-ALERT_2022008T135111_S30_T22KBG_v0.1,22KBG,,,2022-04-07T15:29:28Z,,,,,NA,
HLS.S30.T22KBG.2022010T134209.v2.0,DIST-ALERT_2022010T134209_S30_T22KBG_v0.1,22KBG,,,2022-04-07T20:46:24Z,,,,,NA,
HLS.L30.T22KBG.2022007T133941.v2.0,DIST-ALERT_2022007T133941_L30_T22KBG_v0.1,22KBG,,,2022-01-09T07:24:51Z,,,,,NA,
HLS.S30.T21LWC.2022001T140051.v2.0,DIST-ALERT_2022001T140051_S30_T21LWC_v0.1,21LWC,,,2022-04-06T21:43:48Z,,,,,NA,
HLS.S30.T21LWC.2022006T140049.v2.0,DIST-ALERT_2022006T140049_S30_T21LWC_v0.1,21LWC,,,2022-04-07T09:48:33Z,,,,,NA,
HLS.L30.T21LWC.2022005T135203.v2.0,DIST-ALERT_2022005T135203_L30_T21LWC_v0.1,21LWC,,,2022-01-07T07:34:37Z,,,,,NA,
HLS.S30.T21LWD.2022001T140051.v2.0,DIST-ALERT_2022001T140051_S30_T21LWD_v0.1,21LWD,,,2022-01-03T07:22:41Z,,,,,NA,
HLS.S30.T21LWD.2022006T140049.v2.0,DIST-ALERT_2022006T140049_S30_T21LWD_v0.1,21LWD,,,2022-04-07T09:55:08Z,,,,,NA,
HLS.L30.T21LWD.2022005T135139.v2.0,DIST-ALERT_2022005T135139_L30_T21LWD_v0.1,21LWD,,,2022-01-07T07:34:44Z,,,,,NA,
HLS.S30.T21LWE.2022001T140051.v2.0,DIST-ALERT_2022001T140051_S30_T21LWE_v0.1,21LWE,,,2022-04-06T21:43:40Z,,,,,NA,
HLS.S30.T21LWE.2022006T140049.v2.0,DIST-ALERT_2022006T140049_S30_T21LWE_v0.1,21LWE,,,2022-04-07T09:55:12Z,,,,,NA,
HLS.L30.T21LWE.2022005T135139.v2.0,DIST-ALERT_2022005T135139_L30_T21LWE_v0.1,21LWE,,,2022-01-09T00:16:49Z,,,,,NA,
HLS.S30.T21LWF.2022001T140051.v2.0,DIST-ALERT_2022001T140051_S30_T21LWF_v0.1,21LWF,,,2022-04-06T21:38:18Z,,,,,NA,
HLS.S30.T21LWF.2022006T140049.v2.0,DIST-ALERT_2022006T140049_S30_T21LWF_v0.1,21LWF,,,2022-04-07T09:50:09Z,,,,,NA,
HLS.S30.T21LWG.2022001T140051.v2.0,DIST-ALERT_2022001T140051_S30_T21LWG_v0.1,21LWG,,,2022-01-03T07:45:41Z,,,,,NA,
HLS.S30.T21LWG.2022004T141051.v2.0,DIST-ALERT_2022004T141051_S30_T21LWG_v0.1,21LWG,,,2022-04-07T04:51:23Z,,,,,NA,
HLS.S30.T21LWG.2022006T140049.v2.0,DIST-ALERT_2022006T140049_S30_T21LWG_v0.1,21LWG,,,2022-04-07T09:58:09Z,,,,,NA,
HLS.S30.T21LWH.2022001T140051.v2.0,DIST-ALERT_2022001T140051_S30_T21LWH_v0.1,21LWH,,,2022-04-06T21:44:22Z,,,,,NA,
HLS.S30.T21LWH.2022004T141051.v2.0,DIST-ALERT_2022004T141051_S30_T21LWH_v0.1,21LWH,,,2022-04-07T04:50:48Z,,,,,NA,
HLS.S30.T21LWH.2022006T140049.v2.0,DIST-ALERT_2022006T140049_S30_T21LWH_v0.1,21LWH,,,2022-04-07T09:54:07Z,,,,,NA,
HLS.L30.T21LWH.2022005T135027.v2.0,DIST-ALERT_2022005T135027_L30_T21LWH_v0.1,21LWH,,,2022-01-09T00:12:44Z,,,,,NA,
HLS.S30.T22KCC.2022005T134211.v2.0,DIST-ALERT_2022005T134211_S30_T22KCC_v0.1,22KCC,,,2022-04-07T07:20:33Z,,,,,NA,
HLS.S30.T22KCC.2022010T134209.v2.0,DIST-ALERT_2022010T134209_S30_T22KCC_v0.1,22KCC,,,2022-04-07T20:46:34Z,,,,,NA,
HLS.L30.T22KCC.2022009T132831.v2.0,DIST-ALERT_2022009T132831_L30_T22KCC_v0.1,22KCC,,,2022-01-11T13:44:39Z,,,,,NA,
HLS.S30.T21LWJ.2022001T140051.v2.0,DIST-ALERT_2022001T140051_S30_T21LWJ_v0.1,21LWJ,,,2022-01-03T07:52:44Z,,,,,NA,
HLS.S30.T21LWJ.2022004T141051.v2.0,DIST-ALERT_2022004T141051_S30_T21LWJ_v0.1,21LWJ,,,2022-04-07T04:50:57Z,,,,,NA,
HLS.S30.T21LWJ.2022006T140049.v2.0,DIST-ALERT_2022006T140049_S30_T21LWJ_v0.1,21LWJ,,,2022-04-07T10:00:16Z,,,,,NA,
HLS.L30.T21LWJ.2022005T135027.v2.0,DIST-ALERT_2022005T135027_L30_T21LWJ_v0.1,21LWJ,,,2022-01-09T00:19:16Z,,,,,NA,
HLS.S30.T22KCD.2022005T134211.v2.0,DIST-ALERT_2022005T134211_S30_T22KCD_v0.1,22KCD,,,2022-04-07T07:20:16Z,,,,,NA,
HLS.S30.T22KCD.2022010T134209.v2.0,DIST-ALERT_2022010T134209_S30_T22KCD_v0.1,22KCD,,,2022-04-07T20:33:22Z,,,,,NA,
HLS.L30.T22KCD.2022009T132807.v2.0,DIST-ALERT_2022009T132807_L30_T22KCD_v0.1,22KCD,,,2022-01-11T13:46:39Z,,,,,NA,
HLS.S30.T21LWK.2022001T140051.v2.0,DIST-ALERT_2022001T140051_S30_T21LWK_v0.1,21LWK,,,2022-04-06T21:19:10Z,,,,,NA,
HLS.S30.T21LWK.2022004T141051.v2.0,DIST-ALERT_2022004T141051_S30_T21LWK_v0.1,21LWK,,,2022-04-07T04:51:29Z,,,,,NA,
HLS.S30.T21LWK.2022006T140049.v2.0,DIST-ALERT_2022006T140049_S30_T21LWK_v0.1,21LWK,,,2022-04-07T09:56:16Z,,,,,NA,
HLS.L30.T21LWK.2022005T135027.v2.0,DIST-ALERT_2022005T135027_L30_T21LWK_v0.1,21LWK,,,2022-01-09T00:16:20Z,,,,,NA,
HLS.S30.T22KCE.2022005T134211.v2.0,DIST-ALERT_2022005T134211_S30_T22KCE_v0.1,22KCE,,,2022-04-07T07:12:04Z,,,,,NA,
HLS.S30.T22KCE.2022010T134209.v2.0,DIST-ALERT_2022010T134209_S30_T22KCE_v0.1,22KCE,,,2022-01-12T08:06:41Z,,,,,NA,
HLS.L30.T22KCE.2022009T132807.v2.0,DIST-ALERT_2022009T132807_L30_T22KCE_v0.1,22KCE,,,2022-01-11T13:46:45Z,,,,,NA,
HLS.S30.T22KCF.2022010T134209.v2.0,DIST-ALERT_2022010T134209_S30_T22KCF_v0.1,22KCF,,,2022-04-07T20:40:51Z,,,,,NA,
HLS.L30.T22KCF.2022009T132743.v2.0,DIST-ALERT_2022009T132743_L30_T22KCF_v0.1,22KCF,,,2022-01-11T14:04:48Z,,,,,NA,
HLS.S30.T22KCG.2022008T135111.v2.0,DIST-ALERT_2022008T135111_S30_T22KCG_v0.1,22KCG,,,2022-04-07T15:29:33Z,,,,,NA,
HLS.S30.T22KCG.2022010T134209.v2.0,DIST-ALERT_2022010T134209_S30_T22KCG_v0.1,22KCG,,,2022-01-12T12:22:46Z,,,,,NA,
HLS.L30.T22KCG.2022009T132743.v2.0,DIST-ALERT_2022009T132743_L30_T22KCG_v0.1,22KCG,,,2022-01-13T00:21:37Z,,,,,NA,
HLS.S30.T21LXC.2022001T140051.v2.0,DIST-ALERT_2022001T140051_S30_T21LXC_v0.1,21LXC,,,2022-04-06T21:42:54Z,,,,,NA,
HLS.S30.T21LXC.2022003T135109.v2.0,DIST-ALERT_2022003T135109_S30_T21LXC_v0.1,21LXC,,,2022-04-07T02:52:13Z,,,,,NA,
HLS.S30.T21LXC.2022006T140049.v2.0,DIST-ALERT_2022006T140049_S30_T21LXC_v0.1,21LXC,,,2022-04-07T10:01:40Z,,,,,NA,
HLS.S30.T21LXC.2022008T135111.v2.0,DIST-ALERT_2022008T135111_S30_T21LXC_v0.1,21LXC,,,2022-04-07T15:30:01Z,,,,,NA,
HLS.L30.T21LXC.2022007T133941.v2.0,DIST-ALERT_2022007T133941_L30_T21LXC_v0.1,21LXC,,,2022-01-09T07:20:43Z,,,,,NA,
HLS.S30.T21LXD.2022001T140051.v2.0,DIST-ALERT_2022001T140051_S30_T21LXD_v0.1,21LXD,,,2022-04-06T21:43:49Z,,,,,NA,
HLS.S30.T21LXD.2022003T135109.v2.0,DIST-ALERT_2022003T135109_S30_T21LXD_v0.1,21LXD,,,2022-04-07T02:47:11Z,,,,,NA,
HLS.S30.T21LXD.2022006T140049.v2.0,DIST-ALERT_2022006T140049_S30_T21LXD_v0.1,21LXD,,,2022-04-07T09:56:21Z,,,,,NA,
HLS.S30.T21LXD.2022008T135111.v2.0,DIST-ALERT_2022008T135111_S30_T21LXD_v0.1,21LXD,,,2022-04-07T15:04:38Z,,,,,NA,
HLS.L30.T21LXD.2022005T135139.v2.0,DIST-ALERT_2022005T135139_L30_T21LXD_v0.1,21LXD,,,2022-01-07T07:13:46Z,,,,,NA,
HLS.S30.T21LXE.2022001T140051.v2.0,DIST-ALERT_2022001T140051_S30_T21LXE_v0.1,21LXE,,,2022-04-06T21:43:42Z,,,,,NA,
HLS.S30.T21LXE.2022003T135109.v2.0,DIST-ALERT_2022003T135109_S30_T21LXE_v0.1,21LXE,,,2022-04-07T02:47:22Z,,,,,NA,
HLS.S30.T21LXE.2022006T140049.v2.0,DIST-ALERT_2022006T140049_S30_T21LXE_v0.1,21LXE,,,2022-04-07T09:43:47Z,,,,,NA,
HLS.L30.T21LXE.2022005T135139.v2.0,DIST-ALERT_2022005T135139_L30_T21LXE_v0.1,21LXE,,,2022-01-09T00:13:49Z,,,,,NA,
HLS.S30.T21LXF.2022001T140051.v2.0,DIST-ALERT_2022001T140051_S30_T21LXF_v0.1,21LXF,,,2022-04-06T21:42:31Z,,,,,NA,
HLS.S30.T21LXF.2022006T140049.v2.0,DIST-ALERT_2022006T140049_S30_T21LXF_v0.1,21LXF,,,2022-04-07T09:23:14Z,,,,,NA,
HLS.S30.T21LXG.2022001T140051.v2.0,DIST-ALERT_2022001T140051_S30_T21LXG_v0.1,21LXG,,,2022-04-06T21:39:18Z,,,,,NA,
HLS.S30.T21LXG.2022006T140049.v2.0,DIST-ALERT_2022006T140049_S30_T21LXG_v0.1,21LXG,,,2022-04-07T09:59:55Z,,,,,NA,
HLS.S30.T21LXH.2022001T140051.v2.0,DIST-ALERT_2022001T140051_S30_T21LXH_v0.1,21LXH,,,2022-01-03T07:45:39Z,,,,,NA,
HLS.S30.T21LXH.2022006T140049.v2.0,DIST-ALERT_2022006T140049_S30_T21LXH_v0.1,21LXH,,,2022-04-07T09:47:38Z,,,,,NA,
HLS.L30.T21LXH.2022005T135027.v2.0,DIST-ALERT_2022005T135027_L30_T21LXH_v0.1,21LXH,,,2022-01-09T00:16:12Z,,,,,NA,
HLS.S30.T22KDC.2022002T133231.v2.0,DIST-ALERT_2022002T133231_S30_T22KDC_v0.1,22KDC,,,2022-04-07T00:09:25Z,,,,,NA,
HLS.S30.T22KDC.2022005T134211.v2.0,DIST-ALERT_2022005T134211_S30_T22KDC_v0.1,22KDC,,,2022-04-07T07:13:06Z,,,,,NA,
HLS.S30.T22KDC.2022007T133219.v2.0,DIST-ALERT_2022007T133219_S30_T22KDC_v0.1,22KDC,,,2022-04-07T12:43:49Z,,,,,NA,
HLS.S30.T22KDC.2022010T134209.v2.0,DIST-ALERT_2022010T134209_S30_T22KDC_v0.1,22KDC,,,2022-04-07T20:44:23Z,,,,,NA,
HLS.L30.T22KDC.2022002T132220.v2.0,DIST-ALERT_2022002T132220_L30_T22KDC_v0.1,22KDC,,,2022-01-04T08:12:50Z,,,,,NA,
HLS.L30.T22KDC.2022009T132831.v2.0,DIST-ALERT_2022009T132831_L30_T22KDC_v0.1,22KDC,,,2022-01-11T13:45:55Z,,,,,NA,
HLS.S30.T21LXJ.2022001T140051.v2.0,DIST-ALERT_2022001T140051_S30_T21LXJ_v0.1,21LXJ,,,2022-04-06T21:42:27Z,,,,,NA,
HLS.S30.T21LXJ.2022006T140049.v2.0,DIST-ALERT_2022006T140049_S30_T21LXJ_v0.1,21LXJ,,,2022-04-07T09:45:01Z,,,,,NA,
HLS.L30.T21LXJ.2022005T135027.v2.0,DIST-ALERT_2022005T135027_L30_T21LXJ_v0.1,21LXJ,,,2022-01-09T00:16:53Z,,,,,NA,
HLS.S30.T22KDD.2022002T133231.v2.0,DIST-ALERT_2022002T133231_S30_T22KDD_v0.1,22KDD,,,2022-04-07T00:10:35Z,,,,,NA,
HLS.S30.T22KDD.2022005T134211.v2.0,DIST-ALERT_2022005T134211_S30_T22KDD_v0.1,22KDD,,,2022-04-07T07:10:55Z,,,,,NA,
HLS.S30.T22KDD.2022010T134209.v2.0,DIST-ALERT_2022010T134209_S30_T22KDD_v0.1,22KDD,,,2022-04-07T20:41:57Z,,,,,NA,
HLS.L30.T22KDD.2022002T132156.v2.0,DIST-ALERT_2022002T132156_L30_T22KDD_v0.1,22KDD,,,2022-01-04T08:05:37Z,,,,,NA,
HLS.L30.T22KDD.2022009T132807.v2.0,DIST-ALERT_2022009T132807_L30_T22KDD_v0.1,22KDD,,,2022-01-11T13:49:48Z,,,,,NA,
HLS.S30.T21LXK.2022001T140051.v2.0,DIST-ALERT_2022001T140051_S30_T21LXK_v0.1,21LXK,,,2022-04-06T21:40:35Z,,,,,NA,
HLS.S30.T21LXK.2022006T140049.v2.0,DIST-ALERT_2022006T140049_S30_T21LXK_v0.1,21LXK,,,2022-04-07T09:56:00Z,,,,,NA,
HLS.L30.T21LXK.2022005T135027.v2.0,DIST-ALERT_2022005T135027_L30_T21LXK_v0.1,21LXK,,,2022-01-09T00:13:50Z,,,,,NA,
HLS.S30.T22KDE.2022002T133231.v2.0,DIST-ALERT_2022002T133231_S30_T22KDE_v0.1,22KDE,,,2022-01-04T09:45:37Z,,,,,NA,
HLS.S30.T22KDE.2022005T134211.v2.0,DIST-ALERT_2022005T134211_S30_T22KDE_v0.1,22KDE,,,2022-04-07T07:12:39Z,,,,,NA,
HLS.S30.T22KDE.2022007T133219.v2.0,DIST-ALERT_2022007T133219_S30_T22KDE_v0.1,22KDE,,,2022-04-07T12:38:52Z,,,,,NA,
HLS.S30.T22KDE.2022010T134209.v2.0,DIST-ALERT_2022010T134209_S30_T22KDE_v0.1,22KDE,,,2022-01-12T08:13:42Z,,,,,NA,
HLS.L30.T22KDE.2022002T132156.v2.0,DIST-ALERT_2022002T132156_L30_T22KDE_v0.1,22KDE,,,2022-01-04T17:41:42Z,,,,,NA,
HLS.L30.T22KDE.2022009T132743.v2.0,DIST-ALERT_2022009T132743_L30_T22KDE_v0.1,22KDE,,,2022-01-11T14:05:44Z,,,,,NA,
HLS.S30.T22KDF.2022002T133231.v2.0,DIST-ALERT_2022002T133231_S30_T22KDF_v0.1,22KDF,,,2022-04-06T23:59:58Z,,,,,NA,
HLS.S30.T22KDF.2022005T134211.v2.0,DIST-ALERT_2022005T134211_S30_T22KDF_v0.1,22KDF,,,2022-04-07T07:04:07Z,,,,,NA,
HLS.S30.T22KDF.2022010T134209.v2.0,DIST-ALERT_2022010T134209_S30_T22KDF_v0.1,22KDF,,,2022-04-07T20:39:15Z,,,,,NA,
HLS.L30.T22KDF.2022009T132743.v2.0,DIST-ALERT_2022009T132743_L30_T22KDF_v0.1,22KDF,,,2022-01-11T14:03:47Z,,,,,NA,
HLS.S30.T22KDG.2022005T134211.v2.0,DIST-ALERT_2022005T134211_S30_T22KDG_v0.1,22KDG,,,2022-04-07T07:19:24Z,,,,,NA,
HLS.L30.T22KDG.2022009T132743.v2.0,DIST-ALERT_2022009T132743_L30_T22KDG_v0.1,22KDG,,,2022-01-13T00:21:38Z,,,,,NA,
HLS.S30.T21LYC.2022003T135109.v2.0,DIST-ALERT_2022003T135109_S30_T21LYC_v0.1,21LYC,,,2022-04-07T02:43:42Z,,,,,NA,
HLS.S30.T21LYC.2022008T135111.v2.0,DIST-ALERT_2022008T135111_S30_T21LYC_v0.1,21LYC,,,2022-04-07T15:15:40Z,,,,,NA,
HLS.L30.T21LYC.2022007T133941.v2.0,DIST-ALERT_2022007T133941_L30_T21LYC_v0.1,21LYC,,,2022-01-09T07:21:32Z,,,,,NA,
HLS.S30.T21LYD.2022001T140051.v2.0,DIST-ALERT_2022001T140051_S30_T21LYD_v0.1,21LYD,,,2022-01-03T07:47:49Z,,,,,NA,
HLS.S30.T21LYD.2022003T135109.v2.0,DIST-ALERT_2022003T135109_S30_T21LYD_v0.1,21LYD,,,2022-04-07T02:52:54Z,,,,,NA,
HLS.S30.T21LYD.2022006T140049.v2.0,DIST-ALERT_2022006T140049_S30_T21LYD_v0.1,21LYD,,,2022-04-07T09:57:24Z,,,,,NA,
HLS.S30.T21LYD.2022008T135111.v2.0,DIST-ALERT_2022008T135111_S30_T21LYD_v0.1,21LYD,,,2022-04-07T15:15:47Z,,,,,NA,
HLS.L30.T21LYD.2022007T133917.v2.0,DIST-ALERT_2022007T133917_L30_T21LYD_v0.1,21LYD,,,2022-01-09T07:37:38Z,,,,,NA,
HLS.S30.T21LYE.2022001T140051.v2.0,DIST-ALERT_2022001T140051_S30_T21LYE_v0.1,21LYE,,,2022-04-06T21:43:05Z,,,,,NA,
HLS.S30.T21LYE.2022003T135109.v2.0,DIST-ALERT_2022003T135109_S30_T21LYE_v0.1,21LYE,,,2022-04-07T02:52:30Z,,,,,NA,
HLS.S30.T21LYE.2022006T140049.v2.0,DIST-ALERT_2022006T140049_S30_T21LYE_v0.1,21LYE,,,2022-04-07T09:57:12Z,,,,,NA,
HLS.L30.T21LYE.2022007T133917.v2.0,DIST-ALERT_2022007T133917_L30_T21LYE_v0.1,21LYE,,,2022-01-11T00:16:40Z,,,,,NA,
HLS.S30.T21LYF.2022001T140051.v2.0,DIST-ALERT_2022001T140051_S30_T21LYF_v0.1,21LYF,,,2022-04-06T21:32:00Z,,,,,NA,
HLS.S30.T21LYF.2022003T135109.v2.0,DIST-ALERT_2022003T135109_S30_T21LYF_v0.1,21LYF,,,2022-04-07T02:52:28Z,,,,,NA,
HLS.S30.T21LYF.2022006T140049.v2.0,DIST-ALERT_2022006T140049_S30_T21LYF_v0.1,21LYF,,,2022-04-07T09:55:37Z,,,,,NA,
HLS.L30.T21LYF.2022007T133917.v2.0,DIST-ALERT_2022007T133917_L30_T21LYF_v0.1,21LYF,,,2022-01-11T00:14:36Z,,,,,NA,
HLS.S30.T21LYG.2022001T140051.v2.0,DIST-ALERT_2022001T140051_S30_T21LYG_v0.1,21LYG,,,2022-04-06T21:36:40Z,,,,,NA,
HLS.S30.T21LYG.2022003T135109.v2.0,DIST-ALERT_2022003T135109_S30_T21LYG_v0.1,21LYG,,,2022-04-07T02:50:43Z,,,,,NA,
HLS.S30.T21LYG.2022006T140049.v2.0,DIST-ALERT_2022006T140049_S30_T21LYG_v0.1,21LYG,,,2022-04-07T09:55:41Z,,,,,NA,
HLS.S30.T21LYH.2022001T140051.v2.0,DIST-ALERT_2022001T140051_S30_T21LYH_v0.1,21LYH,,,2022-04-06T21:35:04Z,,,,,NA,
HLS.S30.T21LYH.2022003T135109.v2.0,DIST-ALERT_2022003T135109_S30_T21LYH_v0.1,21LYH,,,2022-04-07T02:50:28Z,,,,,NA,
HLS.S30.T21LYH.2022006T140049.v2.0,DIST-ALERT_2022006T140049_S30_T21LYH_v0.1,21LYH,,,2022-04-07T10:01:41Z,,,,,NA,
HLS.S30.T22KEC.2022002T133231.v2.0,DIST-ALERT_2022002T133231_S30_T22KEC_v0.1,22KEC,,,2022-04-06T23:38:33Z,,,,,NA,
HLS.S30.T22KEC.2022007T133219.v2.0,DIST-ALERT_2022007T133219_S30_T22KEC_v0.1,22KEC,,,2022-04-07T12:48:07Z,,,,,NA,
HLS.L30.T22KEC.2022002T132220.v2.0,DIST-ALERT_2022002T132220_L30_T22KEC_v0.1,22KEC,,,2022-01-04T08:13:46Z,,,,,NA,
HLS.S30.T21LYJ.2022001T140051.v2.0,DIST-ALERT_2022001T140051_S30_T21LYJ_v0.1,21LYJ,,,2022-04-06T21:41:27Z,,,,,NA,
HLS.S30.T21LYJ.2022003T135109.v2.0,DIST-ALERT_2022003T135109_S30_T21LYJ_v0.1,21LYJ,,,2022-04-07T02:37:00Z,,,,,NA,
HLS.S30.T21LYJ.2022006T140049.v2.0,DIST-ALERT_2022006T140049_S30_T21LYJ_v0.1,21LYJ,,,2022-04-07T10:01:05Z,,,,,NA,
HLS.L30.T21LYJ.2022005T135027.v2.0,DIST-ALERT_2022005T135027_L30_T21LYJ_v0.1,21LYJ,,,2022-01-07T07:01:38Z,,,,,NA,
HLS.S30.T22KED.2022002T133231.v2.0,DIST-ALERT_2022002T133231_S30_T22KED_v0.1,22KED,,,2022-04-07T00:10:57Z,,,,,NA,
HLS.S30.T22KED.2022005T134211.v2.0,DIST-ALERT_2022005T134211_S30_T22KED_v0.1,22KED,,,2022-04-07T07:12:23Z,,,,,NA,
HLS.S30.T22KED.2022007T133219.v2.0,DIST-ALERT_2022007T133219_S30_T22KED_v0.1,22KED,,,2022-01-09T11:35:43Z,,,,,NA,
HLS.L30.T22KED.2022002T132156.v2.0,DIST-ALERT_2022002T132156_L30_T22KED_v0.1,22KED,,,2022-01-04T08:00:45Z,,,,,NA,
HLS.L30.T22KED.2022009T132807.v2.0,DIST-ALERT_2022009T132807_L30_T22KED_v0.1,22KED,,,2022-01-11T13:46:29Z,,,,,NA,
HLS.S30.T21LYK.2022001T140051.v2.0,DIST-ALERT_2022001T140051_S30_T21LYK_v0.1,21LYK,,,2022-04-06T21:20:54Z,,,,,NA,
HLS.S30.T21LYK.2022006T140049.v2.0,DIST-ALERT_2022006T140049_S30_T21LYK_v0.1,21LYK,,,2022-04-07T09:54:05Z,,,,,NA,
HLS.L30.T21LYK.2022005T135027.v2.0,DIST-ALERT_2022005T135027_L30_T21LYK_v0.1,21LYK,,,2022-01-09T00:14:47Z,,,,,NA,
HLS.S30.T22KEE.2022002T133231.v2.0,DIST-ALERT_2022002T133231_S30_T22KEE_v0.1,22KEE,,,2022-01-04T08:15:53Z,,,,,NA,
HLS.S30.T22KEE.2022005T134211.v2.0,DIST-ALERT_2022005T134211_S30_T22KEE_v0.1,22KEE,,,2022-04-07T07:20:35Z,,,,,NA,
HLS.S30.T22KEE.2022007T133219.v2.0,DIST-ALERT_2022007T133219_S30_T22KEE_v0.1,22KEE,,,2022-04-07T12:37:45Z,,,,,NA,
HLS.L30.T22KEE.2022002T132133.v2.0,DIST-ALERT_2022002T132133_L30_T22KEE_v0.1,22KEE,,,2022-01-04T08:01:45Z,,,,,NA,
HLS.L30.T22KEE.2022009T132743.v2.0,DIST-ALERT_2022009T132743_L30_T22KEE_v0.1,22KEE,,,2022-01-11T14:01:38Z,,,,,NA,
HLS.S30.T22KEF.2022002T133231.v2.0,DIST-ALERT_2022002T133231_S30_T22KEF_v0.1,22KEF,,,2022-04-07T00:07:53Z,,,,,NA,
HLS.S30.T22KEF.2022005T134211.v2.0,DIST-ALERT_2022005T134211_S30_T22KEF_v0.1,22KEF,,,2022-04-07T07:02:09Z,,,,,NA,
HLS.S30.T22KEF.2022007T133219.v2.0,DIST-ALERT_2022007T133219_S30_T22KEF_v0.1,22KEF,,,2022-04-07T12:08:39Z,,,,,NA,
HLS.L30.T22KEF.2022002T132133.v2.0,DIST-ALERT_2022002T132133_L30_T22KEF_v0.1,22KEF,,,2022-01-04T08:06:38Z,,,,,NA,
HLS.L30.T22KEF.2022009T132743.v2.0,DIST-ALERT_2022009T132743_L30_T22KEF_v0.1,22KEF,,,2022-01-11T14:06:47Z,,,,,NA,
HLS.S30.T22KEG.2022002T133231.v2.0,DIST-ALERT_2022002T133231_S30_T22KEG_v0.1,22KEG,,,2022-04-07T00:13:53Z,,,,,NA,
HLS.S30.T22KEG.2022005T134211.v2.0,DIST-ALERT_2022005T134211_S30_T22KEG_v0.1,22KEG,,,2022-04-07T07:19:20Z,,,,,NA,
HLS.L30.T22KEG.2022002T132109.v2.0,DIST-ALERT_2022002T132109_L30_T22KEG_v0.1,22KEG,,,2022-01-04T17:49:47Z,,,,,NA,
HLS.L30.T22KEG.2022009T132743.v2.0,DIST-ALERT_2022009T132743_L30_T22KEG_v0.1,22KEG,,,2022-01-13T00:22:40Z,,,,,NA,
HLS.S30.T21LZC.2022003T135109.v2.0,DIST-ALERT_2022003T135109_S30_T21LZC_v0.1,21LZC,,,2022-04-07T02:37:03Z,,,,,NA,
HLS.S30.T21LZC.2022008T135111.v2.0,DIST-ALERT_2022008T135111_S30_T21LZC_v0.1,21LZC,,,2022-04-07T15:20:12Z,,,,,NA,
HLS.L30.T21LZC.2022007T133941.v2.0,DIST-ALERT_2022007T133941_L30_T21LZC_v0.1,21LZC,,,2022-01-09T07:21:21Z,,,,,NA,
HLS.S30.T21LZD.2022003T135109.v2.0,DIST-ALERT_2022003T135109_S30_T21LZD_v0.1,21LZD,,,2022-04-07T02:49:23Z,,,,,NA,
HLS.S30.T21LZD.2022008T135111.v2.0,DIST-ALERT_2022008T135111_S30_T21LZD_v0.1,21LZD,,,2022-04-07T15:24:18Z,,,,,NA,
HLS.L30.T21LZD.2022007T133917.v2.0,DIST-ALERT_2022007T133917_L30_T21LZD_v0.1,21LZD,,,2022-01-09T07:39:44Z,,,,,NA,
HLS.S30.T21LZE.2022003T135109.v2.0,DIST-ALERT_2022003T135109_S30_T21LZE_v0.1,21LZE,,,2022-04-07T02:39:43Z,,,,,NA,
HLS.L30.T21LZE.2022007T133917.v2.0,DIST-ALERT_2022007T133917_L30_T21LZE_v0.1,21LZE,,,2022-01-11T00:16:46Z,,,,,NA,
HLS.S30.T21LZF.2022003T135109.v2.0,DIST-ALERT_2022003T135109_S30_T21LZF_v0.1,21LZF,,,2022-04-07T02:52:52Z,,,,,NA,
HLS.L30.T21LZF.2022007T133917.v2.0,DIST-ALERT_2022007T133917_L30_T21LZF_v0.1,21LZF,,,2022-01-11T00:14:36Z,,,,,NA,
HLS.S30.T21LZG.2022003T135109.v2.0,DIST-ALERT_2022003T135109_S30_T21LZG_v0.1,21LZG,,,2022-04-07T02:47:20Z,,,,,NA,
HLS.S30.T21LZH.2022001T140051.v2.0,DIST-ALERT_2022001T140051_S30_T21LZH_v0.1,21LZH,,,2022-01-03T06:35:29Z,,,,,NA,
HLS.S30.T21LZH.2022003T135109.v2.0,DIST-ALERT_2022003T135109_S30_T21LZH_v0.1,21LZH,,,2022-04-07T02:52:48Z,,,,,NA,
HLS.S30.T21LZH.2022006T140049.v2.0,DIST-ALERT_2022006T140049_S30_T21LZH_v0.1,21LZH,,,2022-04-07T09:44:56Z,,,,,NA,
HLS.S30.T22KFC.2022002T133231.v2.0,DIST-ALERT_2022002T133231_S30_T22KFC_v0.1,22KFC,,,2022-04-07T00:06:08Z,,,,,NA,
HLS.S30.T22KFC.2022004T132229.v2.0,DIST-ALERT_2022004T132229_S30_T22KFC_v0.1,22KFC,,,2022-04-07T04:39:50Z,,,,,NA,
HLS.S30.T22KFC.2022009T132231.v2.0,DIST-ALERT_2022009T132231_S30_T22KFC_v0.1,22KFC,,,2022-04-07T17:57:38Z,,,,,NA,
HLS.L30.T22KFC.2022002T132220.v2.0,DIST-ALERT_2022002T132220_L30_T22KFC_v0.1,22KFC,,,2022-01-04T08:00:51Z,,,,,NA,
HLS.S30.T21LZJ.2022001T140051.v2.0,DIST-ALERT_2022001T140051_S30_T21LZJ_v0.1,21LZJ,,,2022-04-06T21:32:59Z,,,,,NA,
HLS.S30.T21LZJ.2022003T135109.v2.0,DIST-ALERT_2022003T135109_S30_T21LZJ_v0.1,21LZJ,,,2022-04-07T02:50:18Z,,,,,NA,
HLS.S30.T21LZJ.2022006T140049.v2.0,DIST-ALERT_2022006T140049_S30_T21LZJ_v0.1,21LZJ,,,2022-04-07T09:55:53Z,,,,,NA,
HLS.S30.T22KFD.2022002T133231.v2.0,DIST-ALERT_2022002T133231_S30_T22KFD_v0.1,22KFD,,,2022-04-07T00:13:22Z,,,,,NA,
HLS.S30.T22KFD.2022007T133219.v2.0,DIST-ALERT_2022007T133219_S30_T22KFD_v0.1,22KFD,,,2022-04-07T12:48:02Z,,,,,NA,
HLS.L30.T22KFD.2022002T132156.v2.0,DIST-ALERT_2022002T132156_L30_T22KFD_v0.1,22KFD,,,2022-01-04T08:09:42Z,,,,,NA,
HLS.S30.T21LZK.2022003T135109.v2.0,DIST-ALERT_2022003T135109_S30_T21LZK_v0.1,21LZK,,,2022-04-07T02:50:12Z,,,,,NA,
HLS.S30.T21LZK.2022006T140049.v2.0,DIST-ALERT_2022006T140049_S30_T21LZK_v0.1,21LZK,,,2022-04-07T09:58:09Z,,,,,NA,
HLS.S30.T22KFE.2022002T133231.v2.0,DIST-ALERT_2022002T133231_S30_T22KFE_v0.1,22KFE,,,2022-04-07T00:10:45Z,,,,,NA,
HLS.L30.T22KFE.2022002T132133.v2.0,DIST-ALERT_2022002T132133_L30_T22KFE_v0.1,22KFE,,,2022-01-04T08:06:39Z,,,,,NA,
HLS.S30.T22KFF.2022002T133231.v2.0,DIST-ALERT_2022002T133231_S30_T22KFF_v0.1,22KFF,,,2022-04-07T00:09:24Z,,,,,NA,
HLS.L30.T22KFF.2022002T132133.v2.0,DIST-ALERT_2022002T132133_L30_T22KFF_v0.1,22KFF,,,2022-01-04T08:02:38Z,,,,,NA,
HLS.S30.T22KFG.2022002T133231.v2.0,DIST-ALERT_2022002T133231_S30_T22KFG_v0.1,22KFG,,,2022-01-04T10:45:39Z,,,,,NA,
HLS.L30.T22KFG.2022002T132109.v2.0,DIST-ALERT_2022002T132109_L30_T22KFG_v0.1,22KFG,,,2022-01-04T08:02:52Z,,,,,NA,
